1690067576084	geckodriver	INFO	Listening on 127.0.0.1:50435
1690067577095	mozrunner::runner	INFO	Running command: "/usr/bin/firefox" "--marionette" "-no-remote" "-profile" "/tmp/rust_mozprofilenMdDaQ"
console.warn: services.settings: Ignoring preference override of remote settings server
console.warn: services.settings: Allow by setting MOZ_REMOTE_SETTINGS_DEVTOOLS=1 in the environment
1690067577433	Marionette	INFO	Marionette enabled
1690067577435	Marionette	INFO	Listening on port 40541
Read port: 40541
1690067577619	RemoteAgent	WARN	TLS certificate errors will be ignored for this session
console.error: ({})
[ERROR glean_core] Error setting metrics feature config: Json(Error("EOF while parsing a value", line: 1, column: 0))
console.warn: LoginRecipes: "Falling back to a synchronous message for: http://localhost:8080."
console.warn: LoginRecipes: "Falling back to a synchronous message for: http://localhost:8080."
console.error: "update.locale" " file doesn't exist in either the application or GRE directories"
[Child 23656, Main Thread] WARNING: JSWindowActorChild::SendRawMessage (Conduits, ConduitClosed) not sent: !CanSend() || !mManager || !mManager->CanSend(): file /build/firefox-AZpR68/firefox-113.0.2+build1/dom/ipc/jsactor/JSWindowActorChild.cpp:57
[Child 23656, Main Thread] WARNING: JSWindowActorChild::SendRawMessage (Conduits, ConduitClosed) not sent: !CanSend() || !mManager || !mManager->CanSend(): file /build/firefox-AZpR68/firefox-113.0.2+build1/dom/ipc/jsactor/JSWindowActorChild.cpp:57
[Child 23656, Main Thread] WARNING: JSWindowActorChild::SendRawMessage (Conduits, ConduitClosed) not sent: !CanSend() || !mManager || !mManager->CanSend(): file /build/firefox-AZpR68/firefox-113.0.2+build1/dom/ipc/jsactor/JSWindowActorChild.cpp:57
[Child 23656, Main Thread] WARNING: JSWindowActorChild::SendRawMessage (Conduits, ConduitClosed) not sent: !CanSend() || !mManager || !mManager->CanSend(): file /build/firefox-AZpR68/firefox-113.0.2+build1/dom/ipc/jsactor/JSWindowActorChild.cpp:57
[Child 23656, Main Thread] WARNING: JSWindowActorChild::SendRawMessage (Conduits, ConduitClosed) not sent: !CanSend() || !mManager || !mManager->CanSend(): file /build/firefox-AZpR68/firefox-113.0.2+build1/dom/ipc/jsactor/JSWindowActorChild.cpp:57
[Child 23656, Main Thread] WARNING: JSWindowActorChild::SendRawMessage (Conduits, ConduitClosed) not sent: !CanSend() || !mManager || !mManager->CanSend(): file /build/firefox-AZpR68/firefox-113.0.2+build1/dom/ipc/jsactor/JSWindowActorChild.cpp:57
[Child 23656, Main Thread] WARNING: JSWindowActorChild::SendRawMessage (Conduits, ConduitClosed) not sent: !CanSend() || !mManager || !mManager->CanSend(): file /build/firefox-AZpR68/firefox-113.0.2+build1/dom/ipc/jsactor/JSWindowActorChild.cpp:57
[Child 23656, Main Thread] WARNING: JSWindowActorChild::SendRawMessage (Conduits, ConduitClosed) not sent: !CanSend() || !mManager || !mManager->CanSend(): file /build/firefox-AZpR68/firefox-113.0.2+build1/dom/ipc/jsactor/JSWindowActorChild.cpp:57
[Child 23656, Main Thread] WARNING: JSWindowActorChild::SendRawMessage (Conduits, ConduitClosed) not sent: !CanSend() || !mManager || !mManager->CanSend(): file /build/firefox-AZpR68/firefox-113.0.2+build1/dom/ipc/jsactor/JSWindowActorChild.cpp:57
1690067652018	Marionette	INFO	Stopped listening on port 40541
JavaScript error: chrome://remote/content/marionette/cert.sys.mjs, line 51: NS_ERROR_NOT_AVAILABLE: Component returned failure code: 0x80040111 (NS_ERROR_NOT_AVAILABLE) [nsICertOverrideService.setDisableAllSecurityChecksAndLetAttackersInterceptMyData]
1690067852837	geckodriver	INFO	Listening on 127.0.0.1:53169
1690067853848	mozrunner::runner	INFO	Running command: "/usr/bin/firefox" "--marionette" "-no-remote" "-profile" "/tmp/rust_mozprofileCTrYIW"
console.warn: services.settings: Ignoring preference override of remote settings server
console.warn: services.settings: Allow by setting MOZ_REMOTE_SETTINGS_DEVTOOLS=1 in the environment
1690067854151	Marionette	INFO	Marionette enabled
1690067854153	Marionette	INFO	Listening on port 46871
Read port: 46871
1690067854295	RemoteAgent	WARN	TLS certificate errors will be ignored for this session
console.error: ({})
[ERROR glean_core] Error setting metrics feature config: Json(Error("EOF while parsing a value", line: 1, column: 0))
console.warn: LoginRecipes: "Falling back to a synchronous message for: http://localhost:8080."
console.warn: LoginRecipes: "Falling back to a synchronous message for: http://localhost:8080."
console.error: "update.locale" " file doesn't exist in either the application or GRE directories"
1690067934576	geckodriver	INFO	Listening on 127.0.0.1:41529
1690067935579	mozrunner::runner	INFO	Running command: "/usr/bin/firefox" "--marionette" "-no-remote" "-profile" "/tmp/rust_mozprofilea9pbe4"
console.warn: services.settings: Ignoring preference override of remote settings server
console.warn: services.settings: Allow by setting MOZ_REMOTE_SETTINGS_DEVTOOLS=1 in the environment
1690067935868	Marionette	INFO	Marionette enabled
1690067935870	Marionette	INFO	Listening on port 46791
Read port: 46791
1690067935935	RemoteAgent	WARN	TLS certificate errors will be ignored for this session
console.error: ({})
[ERROR glean_core] Error setting metrics feature config: Json(Error("EOF while parsing a value", line: 1, column: 0))
console.warn: LoginRecipes: "Falling back to a synchronous message for: http://localhost:8080."
console.warn: LoginRecipes: "Falling back to a synchronous message for: http://localhost:8080."
console.warn: LoginRecipes: "Falling back to a synchronous message for: http://localhost:8080."
console.error: "update.locale" " file doesn't exist in either the application or GRE directories"
console.warn: LoginRecipes: "Falling back to a synchronous message for: http://localhost:8080."
[Child 25376, Main Thread] WARNING: JSWindowActorChild::SendRawMessage (Conduits, ConduitClosed) not sent: !CanSend() || !mManager || !mManager->CanSend(): file /build/firefox-AZpR68/firefox-113.0.2+build1/dom/ipc/jsactor/JSWindowActorChild.cpp:57
[Child 25376, Main Thread] WARNING: JSWindowActorChild::SendRawMessage (Conduits, ConduitClosed) not sent: !CanSend() || !mManager || !mManager->CanSend(): file /build/firefox-AZpR68/firefox-113.0.2+build1/dom/ipc/jsactor/JSWindowActorChild.cpp:57
[Child 25376, Main Thread] WARNING: JSWindowActorChild::SendRawMessage (Conduits, ConduitClosed) not sent: !CanSend() || !mManager || !mManager->CanSend(): file /build/firefox-AZpR68/firefox-113.0.2+build1/dom/ipc/jsactor/JSWindowActorChild.cpp:57
[Child 25376, Main Thread] WARNING: JSWindowActorChild::SendRawMessage (Conduits, ConduitClosed) not sent: !CanSend() || !mManager || !mManager->CanSend(): file /build/firefox-AZpR68/firefox-113.0.2+build1/dom/ipc/jsactor/JSWindowActorChild.cpp:57
[Child 25376, Main Thread] WARNING: JSWindowActorChild::SendRawMessage (Conduits, ConduitClosed) not sent: !CanSend() || !mManager || !mManager->CanSend(): file /build/firefox-AZpR68/firefox-113.0.2+build1/dom/ipc/jsactor/JSWindowActorChild.cpp:57
[Child 25376, Main Thread] WARNING: JSWindowActorChild::SendRawMessage (Conduits, ConduitClosed) not sent: !CanSend() || !mManager || !mManager->CanSend(): file /build/firefox-AZpR68/firefox-113.0.2+build1/dom/ipc/jsactor/JSWindowActorChild.cpp:57
[Child 25376, Main Thread] WARNING: JSWindowActorChild::SendRawMessage (Conduits, ConduitClosed) not sent: !CanSend() || !mManager || !mManager->CanSend(): file /build/firefox-AZpR68/firefox-113.0.2+build1/dom/ipc/jsactor/JSWindowActorChild.cpp:57
[Child 25376, Main Thread] WARNING: JSWindowActorChild::SendRawMessage (Conduits, ConduitClosed) not sent: !CanSend() || !mManager || !mManager->CanSend(): file /build/firefox-AZpR68/firefox-113.0.2+build1/dom/ipc/jsactor/JSWindowActorChild.cpp:57
[Child 25376, Main Thread] WARNING: JSWindowActorChild::SendRawMessage (Conduits, ConduitClosed) not sent: !CanSend() || !mManager || !mManager->CanSend(): file /build/firefox-AZpR68/firefox-113.0.2+build1/dom/ipc/jsactor/JSWindowActorChild.cpp:57
1690068071161	Marionette	INFO	Stopped listening on port 46791
JavaScript error: chrome://remote/content/marionette/cert.sys.mjs, line 51: NS_ERROR_NOT_AVAILABLE: Component returned failure code: 0x80040111 (NS_ERROR_NOT_AVAILABLE) [nsICertOverrideService.setDisableAllSecurityChecksAndLetAttackersInterceptMyData]
1690068080969	geckodriver	INFO	Listening on 127.0.0.1:43633
1690068081980	mozrunner::runner	INFO	Running command: "/usr/bin/firefox" "--marionette" "-no-remote" "-profile" "/tmp/rust_mozprofileDOd8WC"
console.warn: services.settings: Ignoring preference override of remote settings server
console.warn: services.settings: Allow by setting MOZ_REMOTE_SETTINGS_DEVTOOLS=1 in the environment
1690068082272	Marionette	INFO	Marionette enabled
1690068082274	Marionette	INFO	Listening on port 37637
Read port: 37637
1690068082359	RemoteAgent	WARN	TLS certificate errors will be ignored for this session
console.error: ({})
[ERROR glean_core] Error setting metrics feature config: Json(Error("EOF while parsing a value", line: 1, column: 0))
console.warn: LoginRecipes: "Falling back to a synchronous message for: http://localhost:8080."
console.warn: LoginRecipes: "Falling back to a synchronous message for: http://localhost:8080."
console.warn: LoginRecipes: "Falling back to a synchronous message for: http://localhost:8080."
console.error: "update.locale" " file doesn't exist in either the application or GRE directories"
[Child 24428, Main Thread] WARNING: JSWindowActorChild::SendRawMessage (Conduits, ConduitClosed) not sent: !CanSend() || !mManager || !mManager->CanSend(): file /build/firefox-AZpR68/firefox-113.0.2+build1/dom/ipc/jsactor/JSWindowActorChild.cpp:57
[Child 24428, Main Thread] WARNING: JSWindowActorChild::SendRawMessage (Conduits, ConduitClosed) not sent: !CanSend() || !mManager || !mManager->CanSend(): file /build/firefox-AZpR68/firefox-113.0.2+build1/dom/ipc/jsactor/JSWindowActorChild.cpp:57
[Child 24428, Main Thread] WARNING: JSWindowActorChild::SendRawMessage (Conduits, ConduitClosed) not sent: !CanSend() || !mManager || !mManager->CanSend(): file /build/firefox-AZpR68/firefox-113.0.2+build1/dom/ipc/jsactor/JSWindowActorChild.cpp:57
[Child 24428, Main Thread] WARNING: JSWindowActorChild::SendRawMessage (Conduits, ConduitClosed) not sent: !CanSend() || !mManager || !mManager->CanSend(): file /build/firefox-AZpR68/firefox-113.0.2+build1/dom/ipc/jsactor/JSWindowActorChild.cpp:57
[Child 24428, Main Thread] WARNING: JSWindowActorChild::SendRawMessage (Conduits, ConduitClosed) not sent: !CanSend() || !mManager || !mManager->CanSend(): file /build/firefox-AZpR68/firefox-113.0.2+build1/dom/ipc/jsactor/JSWindowActorChild.cpp:57
[Child 24428, Main Thread] WARNING: JSWindowActorChild::SendRawMessage (Conduits, ConduitClosed) not sent: !CanSend() || !mManager || !mManager->CanSend(): file /build/firefox-AZpR68/firefox-113.0.2+build1/dom/ipc/jsactor/JSWindowActorChild.cpp:57
[Child 24428, Main Thread] WARNING: JSWindowActorChild::SendRawMessage (Conduits, ConduitClosed) not sent: !CanSend() || !mManager || !mManager->CanSend(): file /build/firefox-AZpR68/firefox-113.0.2+build1/dom/ipc/jsactor/JSWindowActorChild.cpp:57
[Child 24428, Main Thread] WARNING: JSWindowActorChild::SendRawMessage (Conduits, ConduitClosed) not sent: !CanSend() || !mManager || !mManager->CanSend(): file /build/firefox-AZpR68/firefox-113.0.2+build1/dom/ipc/jsactor/JSWindowActorChild.cpp:57
[Child 24428, Main Thread] WARNING: JSWindowActorChild::SendRawMessage (Conduits, ConduitClosed) not sent: !CanSend() || !mManager || !mManager->CanSend(): file /build/firefox-AZpR68/firefox-113.0.2+build1/dom/ipc/jsactor/JSWindowActorChild.cpp:57
1690068177898	Marionette	INFO	Stopped listening on port 46871
JavaScript error: chrome://remote/content/marionette/cert.sys.mjs, line 51: NS_ERROR_NOT_AVAILABLE: Component returned failure code: 0x80040111 (NS_ERROR_NOT_AVAILABLE) [nsICertOverrideService.setDisableAllSecurityChecksAndLetAttackersInterceptMyData]
1690068216015	geckodriver	INFO	Listening on 127.0.0.1:48519
1690068217026	mozrunner::runner	INFO	Running command: "/usr/bin/firefox" "--marionette" "-no-remote" "-profile" "/tmp/rust_mozprofile4Pzk4q"
console.warn: services.settings: Ignoring preference override of remote settings server
console.warn: services.settings: Allow by setting MOZ_REMOTE_SETTINGS_DEVTOOLS=1 in the environment
1690068217325	Marionette	INFO	Marionette enabled
1690068217327	Marionette	INFO	Listening on port 43665
Read port: 43665
1690068217469	RemoteAgent	WARN	TLS certificate errors will be ignored for this session
console.error: ({})
[ERROR glean_core] Error setting metrics feature config: Json(Error("EOF while parsing a value", line: 1, column: 0))
console.warn: LoginRecipes: "Falling back to a synchronous message for: http://localhost:8080."
console.warn: LoginRecipes: "Falling back to a synchronous message for: http://localhost:8080."
console.error: "update.locale" " file doesn't exist in either the application or GRE directories"
[Child 27174, Main Thread] WARNING: JSWindowActorChild::SendRawMessage (Conduits, ConduitClosed) not sent: !CanSend() || !mManager || !mManager->CanSend(): file /build/firefox-AZpR68/firefox-113.0.2+build1/dom/ipc/jsactor/JSWindowActorChild.cpp:57
[Child 27174, Main Thread] WARNING: JSWindowActorChild::SendRawMessage (Conduits, ConduitClosed) not sent: !CanSend() || !mManager || !mManager->CanSend(): file /build/firefox-AZpR68/firefox-113.0.2+build1/dom/ipc/jsactor/JSWindowActorChild.cpp:57
[Child 27174, Main Thread] WARNING: JSWindowActorChild::SendRawMessage (Conduits, ConduitClosed) not sent: !CanSend() || !mManager || !mManager->CanSend(): file /build/firefox-AZpR68/firefox-113.0.2+build1/dom/ipc/jsactor/JSWindowActorChild.cpp:57
[Child 27174, Main Thread] WARNING: JSWindowActorChild::SendRawMessage (Conduits, ConduitClosed) not sent: !CanSend() || !mManager || !mManager->CanSend(): file /build/firefox-AZpR68/firefox-113.0.2+build1/dom/ipc/jsactor/JSWindowActorChild.cpp:57
[Child 27174, Main Thread] WARNING: JSWindowActorChild::SendRawMessage (Conduits, ConduitClosed) not sent: !CanSend() || !mManager || !mManager->CanSend(): file /build/firefox-AZpR68/firefox-113.0.2+build1/dom/ipc/jsactor/JSWindowActorChild.cpp:57
[Child 27174, Main Thread] WARNING: JSWindowActorChild::SendRawMessage (Conduits, ConduitClosed) not sent: !CanSend() || !mManager || !mManager->CanSend(): file /build/firefox-AZpR68/firefox-113.0.2+build1/dom/ipc/jsactor/JSWindowActorChild.cpp:57
[Child 27174, Main Thread] WARNING: JSWindowActorChild::SendRawMessage (Conduits, ConduitClosed) not sent: !CanSend() || !mManager || !mManager->CanSend(): file /build/firefox-AZpR68/firefox-113.0.2+build1/dom/ipc/jsactor/JSWindowActorChild.cpp:57
[Child 27174, Main Thread] WARNING: JSWindowActorChild::SendRawMessage (Conduits, ConduitClosed) not sent: !CanSend() || !mManager || !mManager->CanSend(): file /build/firefox-AZpR68/firefox-113.0.2+build1/dom/ipc/jsactor/JSWindowActorChild.cpp:57
[Child 27174, Main Thread] WARNING: JSWindowActorChild::SendRawMessage (Conduits, ConduitClosed) not sent: !CanSend() || !mManager || !mManager->CanSend(): file /build/firefox-AZpR68/firefox-113.0.2+build1/dom/ipc/jsactor/JSWindowActorChild.cpp:57
1690068378653	Marionette	INFO	Stopped listening on port 43665
JavaScript error: chrome://remote/content/marionette/cert.sys.mjs, line 51: NS_ERROR_NOT_AVAILABLE: Component returned failure code: 0x80040111 (NS_ERROR_NOT_AVAILABLE) [nsICertOverrideService.setDisableAllSecurityChecksAndLetAttackersInterceptMyData]
1690068391956	geckodriver	INFO	Listening on 127.0.0.1:50911
1690068392968	mozrunner::runner	INFO	Running command: "/usr/bin/firefox" "--marionette" "-no-remote" "-profile" "/tmp/rust_mozprofile3lGMT8"
console.warn: services.settings: Ignoring preference override of remote settings server
console.warn: services.settings: Allow by setting MOZ_REMOTE_SETTINGS_DEVTOOLS=1 in the environment
1690068393277	Marionette	INFO	Marionette enabled
1690068393280	Marionette	INFO	Listening on port 33845
Read port: 33845
1690068393419	RemoteAgent	WARN	TLS certificate errors will be ignored for this session
console.error: ({})
[ERROR glean_core] Error setting metrics feature config: Json(Error("EOF while parsing a value", line: 1, column: 0))
console.warn: LoginRecipes: "Falling back to a synchronous message for: http://localhost:8080."
console.warn: LoginRecipes: "Falling back to a synchronous message for: http://localhost:8080."
console.error: "update.locale" " file doesn't exist in either the application or GRE directories"
[Child 28240, Main Thread] WARNING: JSWindowActorChild::SendRawMessage (Conduits, ConduitClosed) not sent: !CanSend() || !mManager || !mManager->CanSend(): file /build/firefox-AZpR68/firefox-113.0.2+build1/dom/ipc/jsactor/JSWindowActorChild.cpp:57
[Child 28240, Main Thread] WARNING: JSWindowActorChild::SendRawMessage (Conduits, ConduitClosed) not sent: !CanSend() || !mManager || !mManager->CanSend(): file /build/firefox-AZpR68/firefox-113.0.2+build1/dom/ipc/jsactor/JSWindowActorChild.cpp:57
[Child 28240, Main Thread] WARNING: JSWindowActorChild::SendRawMessage (Conduits, ConduitClosed) not sent: !CanSend() || !mManager || !mManager->CanSend(): file /build/firefox-AZpR68/firefox-113.0.2+build1/dom/ipc/jsactor/JSWindowActorChild.cpp:57
[Child 28240, Main Thread] WARNING: JSWindowActorChild::SendRawMessage (Conduits, ConduitClosed) not sent: !CanSend() || !mManager || !mManager->CanSend(): file /build/firefox-AZpR68/firefox-113.0.2+build1/dom/ipc/jsactor/JSWindowActorChild.cpp:57
[Child 28240, Main Thread] WARNING: JSWindowActorChild::SendRawMessage (Conduits, ConduitClosed) not sent: !CanSend() || !mManager || !mManager->CanSend(): file /build/firefox-AZpR68/firefox-113.0.2+build1/dom/ipc/jsactor/JSWindowActorChild.cpp:57
[Child 28240, Main Thread] WARNING: JSWindowActorChild::SendRawMessage (Conduits, ConduitClosed) not sent: !CanSend() || !mManager || !mManager->CanSend(): file /build/firefox-AZpR68/firefox-113.0.2+build1/dom/ipc/jsactor/JSWindowActorChild.cpp:57
[Child 28240, Main Thread] WARNING: JSWindowActorChild::SendRawMessage (Conduits, ConduitClosed) not sent: !CanSend() || !mManager || !mManager->CanSend(): file /build/firefox-AZpR68/firefox-113.0.2+build1/dom/ipc/jsactor/JSWindowActorChild.cpp:57
[Child 28240, Main Thread] WARNING: JSWindowActorChild::SendRawMessage (Conduits, ConduitClosed) not sent: !CanSend() || !mManager || !mManager->CanSend(): file /build/firefox-AZpR68/firefox-113.0.2+build1/dom/ipc/jsactor/JSWindowActorChild.cpp:57
[Child 28240, Main Thread] WARNING: JSWindowActorChild::SendRawMessage (Conduits, ConduitClosed) not sent: !CanSend() || !mManager || !mManager->CanSend(): file /build/firefox-AZpR68/firefox-113.0.2+build1/dom/ipc/jsactor/JSWindowActorChild.cpp:57
1690068516010	Marionette	INFO	Stopped listening on port 33845
JavaScript error: chrome://remote/content/marionette/cert.sys.mjs, line 51: NS_ERROR_NOT_AVAILABLE: Component returned failure code: 0x80040111 (NS_ERROR_NOT_AVAILABLE) [nsICertOverrideService.setDisableAllSecurityChecksAndLetAttackersInterceptMyData]
1690068531040	geckodriver	INFO	Listening on 127.0.0.1:42337
1690068532051	mozrunner::runner	INFO	Running command: "/usr/bin/firefox" "--marionette" "-no-remote" "-profile" "/tmp/rust_mozprofilevewAKA"
console.warn: services.settings: Ignoring preference override of remote settings server
console.warn: services.settings: Allow by setting MOZ_REMOTE_SETTINGS_DEVTOOLS=1 in the environment
1690068532353	Marionette	INFO	Marionette enabled
1690068532356	Marionette	INFO	Listening on port 43935
Read port: 43935
1690068532499	RemoteAgent	WARN	TLS certificate errors will be ignored for this session
console.error: ({})
[ERROR glean_core] Error setting metrics feature config: Json(Error("EOF while parsing a value", line: 1, column: 0))
console.warn: LoginRecipes: "Falling back to a synchronous message for: http://localhost:8080."
console.warn: LoginRecipes: "Falling back to a synchronous message for: http://localhost:8080."
console.error: "update.locale" " file doesn't exist in either the application or GRE directories"
[Child 29475, Main Thread] WARNING: JSWindowActorChild::SendRawMessage (Conduits, ConduitClosed) not sent: !CanSend() || !mManager || !mManager->CanSend(): file /build/firefox-AZpR68/firefox-113.0.2+build1/dom/ipc/jsactor/JSWindowActorChild.cpp:57
[Child 29475, Main Thread] WARNING: JSWindowActorChild::SendRawMessage (Conduits, ConduitClosed) not sent: !CanSend() || !mManager || !mManager->CanSend(): file /build/firefox-AZpR68/firefox-113.0.2+build1/dom/ipc/jsactor/JSWindowActorChild.cpp:57
[Child 29475, Main Thread] WARNING: JSWindowActorChild::SendRawMessage (Conduits, ConduitClosed) not sent: !CanSend() || !mManager || !mManager->CanSend(): file /build/firefox-AZpR68/firefox-113.0.2+build1/dom/ipc/jsactor/JSWindowActorChild.cpp:57
[Child 29475, Main Thread] WARNING: JSWindowActorChild::SendRawMessage (Conduits, ConduitClosed) not sent: !CanSend() || !mManager || !mManager->CanSend(): file /build/firefox-AZpR68/firefox-113.0.2+build1/dom/ipc/jsactor/JSWindowActorChild.cpp:57
[Child 29475, Main Thread] WARNING: JSWindowActorChild::SendRawMessage (Conduits, ConduitClosed) not sent: !CanSend() || !mManager || !mManager->CanSend(): file /build/firefox-AZpR68/firefox-113.0.2+build1/dom/ipc/jsactor/JSWindowActorChild.cpp:57
[Child 29475, Main Thread] WARNING: JSWindowActorChild::SendRawMessage (Conduits, ConduitClosed) not sent: !CanSend() || !mManager || !mManager->CanSend(): file /build/firefox-AZpR68/firefox-113.0.2+build1/dom/ipc/jsactor/JSWindowActorChild.cpp:57
[Child 29475, Main Thread] WARNING: JSWindowActorChild::SendRawMessage (Conduits, ConduitClosed) not sent: !CanSend() || !mManager || !mManager->CanSend(): file /build/firefox-AZpR68/firefox-113.0.2+build1/dom/ipc/jsactor/JSWindowActorChild.cpp:57
[Child 29475, Main Thread] WARNING: JSWindowActorChild::SendRawMessage (Conduits, ConduitClosed) not sent: !CanSend() || !mManager || !mManager->CanSend(): file /build/firefox-AZpR68/firefox-113.0.2+build1/dom/ipc/jsactor/JSWindowActorChild.cpp:57
[Child 29475, Main Thread] WARNING: JSWindowActorChild::SendRawMessage (Conduits, ConduitClosed) not sent: !CanSend() || !mManager || !mManager->CanSend(): file /build/firefox-AZpR68/firefox-113.0.2+build1/dom/ipc/jsactor/JSWindowActorChild.cpp:57
1690068577495	Marionette	INFO	Stopped listening on port 43935
JavaScript error: chrome://remote/content/marionette/cert.sys.mjs, line 51: NS_ERROR_NOT_AVAILABLE: Component returned failure code: 0x80040111 (NS_ERROR_NOT_AVAILABLE) [nsICertOverrideService.setDisableAllSecurityChecksAndLetAttackersInterceptMyData]
WARNING: A blocker encountered an error while we were waiting.
          Blocker:  Waiting for ping task
          Phase: TelemetryController: Waiting for pending ping activity
          State: (none)
WARNING: Error: Phase "profile-before-change" is finished, it is too late to register completion condition "OS.File: flush I/O queued before profileBeforeChange"
WARNING: addBlocker@resource://gre/modules/AsyncShutdown.sys.mjs:727:15
addBlocker@resource://gre/modules/AsyncShutdown.sys.mjs:523:26
addBlocker@resource://gre/modules/AsyncShutdown.sys.mjs:458:15
setupShutdown@resource://gre/modules/osfile/osfile_async_front.jsm:1548:28
@resource://gre/modules/osfile/osfile_async_front.jsm:1568:16
@resource://gre/modules/osfile.jsm:12:30
@resource://gre/modules/TelemetryStorage.sys.mjs:10:28
_checkPendingPings@resource://gre/modules/TelemetrySend.sys.mjs:859:17
setup@resource://gre/modules/TelemetrySend.sys.mjs:799:18
setup@resource://gre/modules/TelemetrySend.sys.mjs:237:30
setupTelemetry/this._delayedInitTask<@resource://gre/modules/TelemetryControllerParent.sys.mjs:824:36
observe@resource://gre/modules/AsyncShutdown.sys.mjs:576:16

console.error: "TelemetryScheduler.shutdown - Already shut down"
WARNING: A blocker encountered an error while we were waiting.
          Blocker:  Waiting for ping task
          Phase: TelemetryController: Waiting for pending ping activity
          State: (none)
WARNING: Error: Phase "profile-before-change" is finished, it is too late to register completion condition "OS.File: flush I/O queued before profileBeforeChange"
WARNING: addBlocker@resource://gre/modules/AsyncShutdown.sys.mjs:727:15
addBlocker@resource://gre/modules/AsyncShutdown.sys.mjs:523:26
addBlocker@resource://gre/modules/AsyncShutdown.sys.mjs:458:15
setupShutdown@resource://gre/modules/osfile/osfile_async_front.jsm:1548:28
@resource://gre/modules/osfile/osfile_async_front.jsm:1568:16
@resource://gre/modules/osfile.jsm:12:30
@resource://gre/modules/TelemetryStorage.sys.mjs:10:28
_checkPendingPings@resource://gre/modules/TelemetrySend.sys.mjs:859:17
setup@resource://gre/modules/TelemetrySend.sys.mjs:799:18
setup@resource://gre/modules/TelemetrySend.sys.mjs:237:30
setupTelemetry/this._delayedInitTask<@resource://gre/modules/TelemetryControllerParent.sys.mjs:824:36
observe@resource://gre/modules/AsyncShutdown.sys.mjs:576:16

WARNING: A blocker encountered an error while we were waiting.
          Blocker:  Waiting for ping task
          Phase: TelemetryController: Waiting for pending ping activity
          State: (none)
WARNING: Error: Phase "profile-before-change" is finished, it is too late to register completion condition "OS.File: flush I/O queued before profileBeforeChange"
WARNING: addBlocker@resource://gre/modules/AsyncShutdown.sys.mjs:727:15
addBlocker@resource://gre/modules/AsyncShutdown.sys.mjs:523:26
addBlocker@resource://gre/modules/AsyncShutdown.sys.mjs:458:15
setupShutdown@resource://gre/modules/osfile/osfile_async_front.jsm:1548:28
@resource://gre/modules/osfile/osfile_async_front.jsm:1568:16
@resource://gre/modules/osfile.jsm:12:30
@resource://gre/modules/TelemetryStorage.sys.mjs:10:28
_checkPendingPings@resource://gre/modules/TelemetrySend.sys.mjs:859:17
setup@resource://gre/modules/TelemetrySend.sys.mjs:799:18
setup@resource://gre/modules/TelemetrySend.sys.mjs:237:30
setupTelemetry/this._delayedInitTask<@resource://gre/modules/TelemetryControllerParent.sys.mjs:824:36
observe@resource://gre/modules/AsyncShutdown.sys.mjs:576:16

WARNING: A blocker encountered an error while we were waiting.
          Blocker:  TelemetryController: shutting down
          Phase: profile-before-change-telemetry
          State: Error getting state: Error: Phase "profile-before-change" is finished, it is too late to register completion condition "OS.File: flush I/O queued before profileBeforeChange" at addBlocker@resource://gre/modules/AsyncShutdown.sys.mjs:727:15
addBlocker@resource://gre/modules/AsyncShutdown.sys.mjs:523:26
addBlocker@resource://gre/modules/AsyncShutdown.sys.mjs:458:15
setupShutdown@resource://gre/modules/osfile/osfile_async_front.jsm:1548:28
@resource://gre/modules/osfile/osfile_async_front.jsm:1568:16
@resource://gre/modules/osfile.jsm:12:30
@resource://gre/modules/TelemetryStorage.sys.mjs:10:28
_checkPendingPings@resource://gre/modules/TelemetrySend.sys.mjs:859:17
setup@resource://gre/modules/TelemetrySend.sys.mjs:799:18
setup@resource://gre/modules/TelemetrySend.sys.mjs:237:30
setupTelemetry/this._delayedInitTask<@resource://gre/modules/TelemetryControllerParent.sys.mjs:824:36
observe@resource://gre/modules/AsyncShutdown.sys.mjs:576:16

WARNING: Error: Phase "profile-before-change" is finished, it is too late to register completion condition "OS.File: flush I/O queued before profileBeforeChange"
WARNING: addBlocker@resource://gre/modules/AsyncShutdown.sys.mjs:727:15
addBlocker@resource://gre/modules/AsyncShutdown.sys.mjs:523:26
addBlocker@resource://gre/modules/AsyncShutdown.sys.mjs:458:15
setupShutdown@resource://gre/modules/osfile/osfile_async_front.jsm:1548:28
@resource://gre/modules/osfile/osfile_async_front.jsm:1568:16
@resource://gre/modules/osfile.jsm:12:30
@resource://gre/modules/TelemetryStorage.sys.mjs:10:28
_checkPendingPings@resource://gre/modules/TelemetrySend.sys.mjs:859:17
setup@resource://gre/modules/TelemetrySend.sys.mjs:799:18
setup@resource://gre/modules/TelemetrySend.sys.mjs:237:30
setupTelemetry/this._delayedInitTask<@resource://gre/modules/TelemetryControllerParent.sys.mjs:824:36
observe@resource://gre/modules/AsyncShutdown.sys.mjs:576:16

JavaScript error: resource://gre/modules/AsyncShutdown.sys.mjs, line 727: Error: Phase "profile-before-change" is finished, it is too late to register completion condition "OS.File: flush I/O queued before profileBeforeChange"
JavaScript error: resource://gre/modules/AsyncShutdown.sys.mjs, line 727: Error: Phase "profile-before-change" is finished, it is too late to register completion condition "OS.File: flush I/O queued before profileBeforeChange"
JavaScript error: resource://gre/modules/AsyncShutdown.sys.mjs, line 727: Error: Phase "profile-before-change" is finished, it is too late to register completion condition "OS.File: flush I/O queued before profileBeforeChange"
JavaScript error: resource://gre/modules/AsyncShutdown.sys.mjs, line 727: Error: Phase "profile-before-change" is finished, it is too late to register completion condition "OS.File: flush I/O queued before profileBeforeChange"
JavaScript error: resource://gre/modules/AsyncShutdown.sys.mjs, line 727: Error: Phase "profile-before-change" is finished, it is too late to register completion condition "OS.File: flush I/O queued before profileBeforeChange"
JavaScript error: resource://gre/modules/AsyncShutdown.sys.mjs, line 727: Error: Phase "profile-before-change" is finished, it is too late to register completion condition "OS.File: flush I/O queued before profileBeforeChange"
1690068595220	geckodriver	INFO	Listening on 127.0.0.1:45933
1690068596231	mozrunner::runner	INFO	Running command: "/usr/bin/firefox" "--marionette" "-no-remote" "-profile" "/tmp/rust_mozprofileAjsUo4"
console.warn: services.settings: Ignoring preference override of remote settings server
console.warn: services.settings: Allow by setting MOZ_REMOTE_SETTINGS_DEVTOOLS=1 in the environment
1690068596531	Marionette	INFO	Marionette enabled
1690068596534	Marionette	INFO	Listening on port 42449
Read port: 42449
1690068596671	RemoteAgent	WARN	TLS certificate errors will be ignored for this session
console.error: ({})
[ERROR glean_core] Error setting metrics feature config: Json(Error("EOF while parsing a value", line: 1, column: 0))
console.warn: LoginRecipes: "Falling back to a synchronous message for: http://localhost:8080."
console.warn: LoginRecipes: "Falling back to a synchronous message for: http://localhost:8080."
console.error: "update.locale" " file doesn't exist in either the application or GRE directories"
[Child 30246, Main Thread] WARNING: JSWindowActorChild::SendRawMessage (Conduits, ConduitClosed) not sent: !CanSend() || !mManager || !mManager->CanSend(): file /build/firefox-AZpR68/firefox-113.0.2+build1/dom/ipc/jsactor/JSWindowActorChild.cpp:57
[Child 30246, Main Thread] WARNING: JSWindowActorChild::SendRawMessage (Conduits, ConduitClosed) not sent: !CanSend() || !mManager || !mManager->CanSend(): file /build/firefox-AZpR68/firefox-113.0.2+build1/dom/ipc/jsactor/JSWindowActorChild.cpp:57
[Child 30246, Main Thread] WARNING: JSWindowActorChild::SendRawMessage (Conduits, ConduitClosed) not sent: !CanSend() || !mManager || !mManager->CanSend(): file /build/firefox-AZpR68/firefox-113.0.2+build1/dom/ipc/jsactor/JSWindowActorChild.cpp:57
[Child 30246, Main Thread] WARNING: JSWindowActorChild::SendRawMessage (Conduits, ConduitClosed) not sent: !CanSend() || !mManager || !mManager->CanSend(): file /build/firefox-AZpR68/firefox-113.0.2+build1/dom/ipc/jsactor/JSWindowActorChild.cpp:57
[Child 30246, Main Thread] WARNING: JSWindowActorChild::SendRawMessage (Conduits, ConduitClosed) not sent: !CanSend() || !mManager || !mManager->CanSend(): file /build/firefox-AZpR68/firefox-113.0.2+build1/dom/ipc/jsactor/JSWindowActorChild.cpp:57
[Child 30246, Main Thread] WARNING: JSWindowActorChild::SendRawMessage (Conduits, ConduitClosed) not sent: !CanSend() || !mManager || !mManager->CanSend(): file /build/firefox-AZpR68/firefox-113.0.2+build1/dom/ipc/jsactor/JSWindowActorChild.cpp:57
[Child 30246, Main Thread] WARNING: JSWindowActorChild::SendRawMessage (Conduits, ConduitClosed) not sent: !CanSend() || !mManager || !mManager->CanSend(): file /build/firefox-AZpR68/firefox-113.0.2+build1/dom/ipc/jsactor/JSWindowActorChild.cpp:57
[Child 30246, Main Thread] WARNING: JSWindowActorChild::SendRawMessage (Conduits, ConduitClosed) not sent: !CanSend() || !mManager || !mManager->CanSend(): file /build/firefox-AZpR68/firefox-113.0.2+build1/dom/ipc/jsactor/JSWindowActorChild.cpp:57
[Child 30246, Main Thread] WARNING: JSWindowActorChild::SendRawMessage (Conduits, ConduitClosed) not sent: !CanSend() || !mManager || !mManager->CanSend(): file /build/firefox-AZpR68/firefox-113.0.2+build1/dom/ipc/jsactor/JSWindowActorChild.cpp:57
1690068663470	Marionette	INFO	Stopped listening on port 42449
JavaScript error: chrome://remote/content/marionette/cert.sys.mjs, line 51: NS_ERROR_NOT_AVAILABLE: Component returned failure code: 0x80040111 (NS_ERROR_NOT_AVAILABLE) [nsICertOverrideService.setDisableAllSecurityChecksAndLetAttackersInterceptMyData]
1690068672966	geckodriver	INFO	Listening on 127.0.0.1:37359
1690068673978	mozrunner::runner	INFO	Running command: "/usr/bin/firefox" "--marionette" "-no-remote" "-profile" "/tmp/rust_mozprofile4DeL03"
console.warn: services.settings: Ignoring preference override of remote settings server
console.warn: services.settings: Allow by setting MOZ_REMOTE_SETTINGS_DEVTOOLS=1 in the environment
1690068674268	Marionette	INFO	Marionette enabled
1690068674271	Marionette	INFO	Listening on port 41877
Read port: 41877
1690068674334	RemoteAgent	WARN	TLS certificate errors will be ignored for this session
console.error: ({})
[ERROR glean_core] Error setting metrics feature config: Json(Error("EOF while parsing a value", line: 1, column: 0))
console.warn: LoginRecipes: "Falling back to a synchronous message for: http://localhost:8080."
console.warn: LoginRecipes: "Falling back to a synchronous message for: http://localhost:8080."
console.warn: LoginRecipes: "Falling back to a synchronous message for: http://localhost:8080."
console.error: "update.locale" " file doesn't exist in either the application or GRE directories"
[Child 31048, Main Thread] WARNING: JSWindowActorChild::SendRawMessage (Conduits, ConduitClosed) not sent: !CanSend() || !mManager || !mManager->CanSend(): file /build/firefox-AZpR68/firefox-113.0.2+build1/dom/ipc/jsactor/JSWindowActorChild.cpp:57
[Child 31048, Main Thread] WARNING: JSWindowActorChild::SendRawMessage (Conduits, ConduitClosed) not sent: !CanSend() || !mManager || !mManager->CanSend(): file /build/firefox-AZpR68/firefox-113.0.2+build1/dom/ipc/jsactor/JSWindowActorChild.cpp:57
[Child 31048, Main Thread] WARNING: JSWindowActorChild::SendRawMessage (Conduits, ConduitClosed) not sent: !CanSend() || !mManager || !mManager->CanSend(): file /build/firefox-AZpR68/firefox-113.0.2+build1/dom/ipc/jsactor/JSWindowActorChild.cpp:57
[Child 31048, Main Thread] WARNING: JSWindowActorChild::SendRawMessage (Conduits, ConduitClosed) not sent: !CanSend() || !mManager || !mManager->CanSend(): file /build/firefox-AZpR68/firefox-113.0.2+build1/dom/ipc/jsactor/JSWindowActorChild.cpp:57
[Child 31048, Main Thread] WARNING: JSWindowActorChild::SendRawMessage (Conduits, ConduitClosed) not sent: !CanSend() || !mManager || !mManager->CanSend(): file /build/firefox-AZpR68/firefox-113.0.2+build1/dom/ipc/jsactor/JSWindowActorChild.cpp:57
[Child 31048, Main Thread] WARNING: JSWindowActorChild::SendRawMessage (Conduits, ConduitClosed) not sent: !CanSend() || !mManager || !mManager->CanSend(): file /build/firefox-AZpR68/firefox-113.0.2+build1/dom/ipc/jsactor/JSWindowActorChild.cpp:57
[Child 31048, Main Thread] WARNING: JSWindowActorChild::SendRawMessage (Conduits, ConduitClosed) not sent: !CanSend() || !mManager || !mManager->CanSend(): file /build/firefox-AZpR68/firefox-113.0.2+build1/dom/ipc/jsactor/JSWindowActorChild.cpp:57
[Child 31048, Main Thread] WARNING: JSWindowActorChild::SendRawMessage (Conduits, ConduitClosed) not sent: !CanSend() || !mManager || !mManager->CanSend(): file /build/firefox-AZpR68/firefox-113.0.2+build1/dom/ipc/jsactor/JSWindowActorChild.cpp:57
[Child 31048, Main Thread] WARNING: JSWindowActorChild::SendRawMessage (Conduits, ConduitClosed) not sent: !CanSend() || !mManager || !mManager->CanSend(): file /build/firefox-AZpR68/firefox-113.0.2+build1/dom/ipc/jsactor/JSWindowActorChild.cpp:57
1690068779917	Marionette	INFO	Stopped listening on port 41877
JavaScript error: chrome://remote/content/marionette/cert.sys.mjs, line 51: NS_ERROR_NOT_AVAILABLE: Component returned failure code: 0x80040111 (NS_ERROR_NOT_AVAILABLE) [nsICertOverrideService.setDisableAllSecurityChecksAndLetAttackersInterceptMyData]
1690068791816	geckodriver	INFO	Listening on 127.0.0.1:60815
1690068792826	mozrunner::runner	INFO	Running command: "/usr/bin/firefox" "--marionette" "-no-remote" "-profile" "/tmp/rust_mozprofileAIHGRW"
console.warn: services.settings: Ignoring preference override of remote settings server
console.warn: services.settings: Allow by setting MOZ_REMOTE_SETTINGS_DEVTOOLS=1 in the environment
1690068793122	Marionette	INFO	Marionette enabled
1690068793124	Marionette	INFO	Listening on port 46855
Read port: 46855
1690068793185	RemoteAgent	WARN	TLS certificate errors will be ignored for this session
console.error: ({})
[ERROR glean_core] Error setting metrics feature config: Json(Error("EOF while parsing a value", line: 1, column: 0))
console.warn: LoginRecipes: "Falling back to a synchronous message for: http://localhost:8080."
console.warn: LoginRecipes: "Falling back to a synchronous message for: http://localhost:8080."
console.error: "update.locale" " file doesn't exist in either the application or GRE directories"
console.error: "Can't start recording from event type: " "paste"
1690068880255	Marionette	WARN	Ignoring event 'DOMContentLoaded' because document has an invalid readyState of 'complete'.
libEGL warning: DRI2: failed to authenticate
ATTENTION: default value of option mesa_glthread overridden by environment.
JavaScript warning: https://pagead2.googlesyndication.com/bg/jSb6HqOEQjzv91X74bVaduN6Su8C1pNfo89i8sAbrkg.js line 2 > eval line 5451 > eval line 1 > eval line 1 > eval, line 1: WEBGL_debug_renderer_info is deprecated in Firefox and will be removed. Please use RENDERER.
1690068882347	Marionette	WARN	Ignoring event 'DOMContentLoaded' because document has an invalid readyState of 'complete'.
1690068883687	Marionette	WARN	Ignoring event 'DOMContentLoaded' because document has an invalid readyState of 'complete'.
JavaScript warning: https://pagead2.googlesyndication.com/bg/jSb6HqOEQjzv91X74bVaduN6Su8C1pNfo89i8sAbrkg.js line 2 > eval line 779 > eval line 1 > eval line 1 > eval, line 1: WEBGL_debug_renderer_info is deprecated in Firefox and will be removed. Please use RENDERER.
JavaScript warning: https://pagead2.googlesyndication.com/bg/jSb6HqOEQjzv91X74bVaduN6Su8C1pNfo89i8sAbrkg.js line 2 > eval line 5073 > eval line 1 > eval line 1 > eval, line 1: WEBGL_debug_renderer_info is deprecated in Firefox and will be removed. Please use RENDERER.
1690068886501	Marionette	WARN	Ignoring event 'DOMContentLoaded' because document has an invalid readyState of 'complete'.
console.warn: LoginRecipes: "Falling back to a synchronous message for: https://forum.seafile.com."
1690068888171	Marionette	WARN	Ignoring event 'DOMContentLoaded' because document has an invalid readyState of 'complete'.
1690068890568	Marionette	WARN	Ignoring event 'DOMContentLoaded' because document has an invalid readyState of 'complete'.
console.warn: LoginRecipes: "Falling back to a synchronous message for: https://github.com."
console.warn: services.settings: Ignoring preference override of remote settings server
console.warn: services.settings: Allow by setting MOZ_REMOTE_SETTINGS_DEVTOOLS=1 in the environment
console.error: (new TypeError("lazy.AsyncShutdown.profileBeforeChange is undefined", "resource://services-settings/Database.sys.mjs", 599))
JavaScript error: , line 0: TypeError: NetworkError when attempting to fetch resource.
JavaScript error: , line 0: TypeError: NetworkError when attempting to fetch resource.
JavaScript error: , line 0: TypeError: NetworkError when attempting to fetch resource.
JavaScript error: , line 0: TypeError: NetworkError when attempting to fetch resource.
JavaScript error: , line 0: TypeError: NetworkError when attempting to fetch resource.
[Child 26269, Main Thread] WARNING: JSWindowActorChild::SendRawMessage (Conduits, ConduitClosed) not sent: !CanSend() || !mManager || !mManager->CanSend(): file /build/firefox-AZpR68/firefox-113.0.2+build1/dom/ipc/jsactor/JSWindowActorChild.cpp:57
[Child 26269, Main Thread] WARNING: JSWindowActorChild::SendRawMessage (Conduits, ConduitClosed) not sent: !CanSend() || !mManager || !mManager->CanSend(): file /build/firefox-AZpR68/firefox-113.0.2+build1/dom/ipc/jsactor/JSWindowActorChild.cpp:57
[Child 26269, Main Thread] WARNING: JSWindowActorChild::SendRawMessage (Conduits, ConduitClosed) not sent: !CanSend() || !mManager || !mManager->CanSend(): file /build/firefox-AZpR68/firefox-113.0.2+build1/dom/ipc/jsactor/JSWindowActorChild.cpp:57
[Child 26269, Main Thread] WARNING: JSWindowActorChild::SendRawMessage (Conduits, ConduitClosed) not sent: !CanSend() || !mManager || !mManager->CanSend(): file /build/firefox-AZpR68/firefox-113.0.2+build1/dom/ipc/jsactor/JSWindowActorChild.cpp:57
[Child 26269, Main Thread] WARNING: JSWindowActorChild::SendRawMessage (Conduits, ConduitClosed) not sent: !CanSend() || !mManager || !mManager->CanSend(): file /build/firefox-AZpR68/firefox-113.0.2+build1/dom/ipc/jsactor/JSWindowActorChild.cpp:57
[Child 26269, Main Thread] WARNING: JSWindowActorChild::SendRawMessage (Conduits, ConduitClosed) not sent: !CanSend() || !mManager || !mManager->CanSend(): file /build/firefox-AZpR68/firefox-113.0.2+build1/dom/ipc/jsactor/JSWindowActorChild.cpp:57
[Child 26269, Main Thread] WARNING: JSWindowActorChild::SendRawMessage (Conduits, ConduitClosed) not sent: !CanSend() || !mManager || !mManager->CanSend(): file /build/firefox-AZpR68/firefox-113.0.2+build1/dom/ipc/jsactor/JSWindowActorChild.cpp:57
[Child 26269, Main Thread] WARNING: JSWindowActorChild::SendRawMessage (Conduits, ConduitClosed) not sent: !CanSend() || !mManager || !mManager->CanSend(): file /build/firefox-AZpR68/firefox-113.0.2+build1/dom/ipc/jsactor/JSWindowActorChild.cpp:57
[Child 26269, Main Thread] WARNING: JSWindowActorChild::SendRawMessage (Conduits, ConduitClosed) not sent: !CanSend() || !mManager || !mManager->CanSend(): file /build/firefox-AZpR68/firefox-113.0.2+build1/dom/ipc/jsactor/JSWindowActorChild.cpp:57
1690069038511	Marionette	INFO	Stopped listening on port 37637
JavaScript error: chrome://remote/content/marionette/cert.sys.mjs, line 51: NS_ERROR_NOT_AVAILABLE: Component returned failure code: 0x80040111 (NS_ERROR_NOT_AVAILABLE) [nsICertOverrideService.setDisableAllSecurityChecksAndLetAttackersInterceptMyData]
1690069221296	geckodriver	INFO	Listening on 127.0.0.1:45001
1690069222300	mozrunner::runner	INFO	Running command: "/usr/bin/firefox" "--marionette" "-no-remote" "-profile" "/tmp/rust_mozprofileZL4YTO"
console.warn: services.settings: Ignoring preference override of remote settings server
console.warn: services.settings: Allow by setting MOZ_REMOTE_SETTINGS_DEVTOOLS=1 in the environment
1690069222591	Marionette	INFO	Marionette enabled
1690069222593	Marionette	INFO	Listening on port 34013
Read port: 34013
1690069222668	RemoteAgent	WARN	TLS certificate errors will be ignored for this session
console.error: ({})
[ERROR glean_core] Error setting metrics feature config: Json(Error("EOF while parsing a value", line: 1, column: 0))
console.warn: LoginRecipes: "Falling back to a synchronous message for: http://localhost:8080."
console.warn: LoginRecipes: "Falling back to a synchronous message for: http://localhost:8080."
console.error: "update.locale" " file doesn't exist in either the application or GRE directories"
[Child 1011, Main Thread] WARNING: JSWindowActorChild::SendRawMessage (Conduits, ConduitClosed) not sent: !CanSend() || !mManager || !mManager->CanSend(): file /build/firefox-AZpR68/firefox-113.0.2+build1/dom/ipc/jsactor/JSWindowActorChild.cpp:57
[Child 1011, Main Thread] WARNING: JSWindowActorChild::SendRawMessage (Conduits, ConduitClosed) not sent: !CanSend() || !mManager || !mManager->CanSend(): file /build/firefox-AZpR68/firefox-113.0.2+build1/dom/ipc/jsactor/JSWindowActorChild.cpp:57
[Child 1011, Main Thread] WARNING: JSWindowActorChild::SendRawMessage (Conduits, ConduitClosed) not sent: !CanSend() || !mManager || !mManager->CanSend(): file /build/firefox-AZpR68/firefox-113.0.2+build1/dom/ipc/jsactor/JSWindowActorChild.cpp:57
[Child 1011, Main Thread] WARNING: JSWindowActorChild::SendRawMessage (Conduits, ConduitClosed) not sent: !CanSend() || !mManager || !mManager->CanSend(): file /build/firefox-AZpR68/firefox-113.0.2+build1/dom/ipc/jsactor/JSWindowActorChild.cpp:57
[Child 1011, Main Thread] WARNING: JSWindowActorChild::SendRawMessage (Conduits, ConduitClosed) not sent: !CanSend() || !mManager || !mManager->CanSend(): file /build/firefox-AZpR68/firefox-113.0.2+build1/dom/ipc/jsactor/JSWindowActorChild.cpp:57
[Child 1011, Main Thread] WARNING: JSWindowActorChild::SendRawMessage (Conduits, ConduitClosed) not sent: !CanSend() || !mManager || !mManager->CanSend(): file /build/firefox-AZpR68/firefox-113.0.2+build1/dom/ipc/jsactor/JSWindowActorChild.cpp:57
[Child 1011, Main Thread] WARNING: JSWindowActorChild::SendRawMessage (Conduits, ConduitClosed) not sent: !CanSend() || !mManager || !mManager->CanSend(): file /build/firefox-AZpR68/firefox-113.0.2+build1/dom/ipc/jsactor/JSWindowActorChild.cpp:57
[Child 1011, Main Thread] WARNING: JSWindowActorChild::SendRawMessage (Conduits, ConduitClosed) not sent: !CanSend() || !mManager || !mManager->CanSend(): file /build/firefox-AZpR68/firefox-113.0.2+build1/dom/ipc/jsactor/JSWindowActorChild.cpp:57
[Child 1011, Main Thread] WARNING: JSWindowActorChild::SendRawMessage (Conduits, ConduitClosed) not sent: !CanSend() || !mManager || !mManager->CanSend(): file /build/firefox-AZpR68/firefox-113.0.2+build1/dom/ipc/jsactor/JSWindowActorChild.cpp:57
1690069330749	Marionette	INFO	Stopped listening on port 34013
JavaScript error: chrome://remote/content/marionette/cert.sys.mjs, line 51: NS_ERROR_NOT_AVAILABLE: Component returned failure code: 0x80040111 (NS_ERROR_NOT_AVAILABLE) [nsICertOverrideService.setDisableAllSecurityChecksAndLetAttackersInterceptMyData]
1690069351907	geckodriver	INFO	Listening on 127.0.0.1:42755
1690069352917	mozrunner::runner	INFO	Running command: "/usr/bin/firefox" "--marionette" "-no-remote" "-profile" "/tmp/rust_mozprofileQoYjy4"
console.warn: services.settings: Ignoring preference override of remote settings server
console.warn: services.settings: Allow by setting MOZ_REMOTE_SETTINGS_DEVTOOLS=1 in the environment
1690069353221	Marionette	INFO	Marionette enabled
1690069353223	Marionette	INFO	Listening on port 40513
Read port: 40513
1690069353365	RemoteAgent	WARN	TLS certificate errors will be ignored for this session
console.error: ({})
[ERROR glean_core] Error setting metrics feature config: Json(Error("EOF while parsing a value", line: 1, column: 0))
console.warn: LoginRecipes: "Falling back to a synchronous message for: http://localhost:8080."
console.warn: LoginRecipes: "Falling back to a synchronous message for: http://localhost:8080."
console.warn: LoginRecipes: "Falling back to a synchronous message for: http://localhost:8080."
console.error: "update.locale" " file doesn't exist in either the application or GRE directories"
[Child 1885, Main Thread] WARNING: JSWindowActorChild::SendRawMessage (Conduits, ConduitClosed) not sent: !CanSend() || !mManager || !mManager->CanSend(): file /build/firefox-AZpR68/firefox-113.0.2+build1/dom/ipc/jsactor/JSWindowActorChild.cpp:57
[Child 1885, Main Thread] WARNING: JSWindowActorChild::SendRawMessage (Conduits, ConduitClosed) not sent: !CanSend() || !mManager || !mManager->CanSend(): file /build/firefox-AZpR68/firefox-113.0.2+build1/dom/ipc/jsactor/JSWindowActorChild.cpp:57
[Child 1885, Main Thread] WARNING: JSWindowActorChild::SendRawMessage (Conduits, ConduitClosed) not sent: !CanSend() || !mManager || !mManager->CanSend(): file /build/firefox-AZpR68/firefox-113.0.2+build1/dom/ipc/jsactor/JSWindowActorChild.cpp:57
[Child 1885, Main Thread] WARNING: JSWindowActorChild::SendRawMessage (Conduits, ConduitClosed) not sent: !CanSend() || !mManager || !mManager->CanSend(): file /build/firefox-AZpR68/firefox-113.0.2+build1/dom/ipc/jsactor/JSWindowActorChild.cpp:57
[Child 1885, Main Thread] WARNING: JSWindowActorChild::SendRawMessage (Conduits, ConduitClosed) not sent: !CanSend() || !mManager || !mManager->CanSend(): file /build/firefox-AZpR68/firefox-113.0.2+build1/dom/ipc/jsactor/JSWindowActorChild.cpp:57
[Child 1885, Main Thread] WARNING: JSWindowActorChild::SendRawMessage (Conduits, ConduitClosed) not sent: !CanSend() || !mManager || !mManager->CanSend(): file /build/firefox-AZpR68/firefox-113.0.2+build1/dom/ipc/jsactor/JSWindowActorChild.cpp:57
[Child 1885, Main Thread] WARNING: JSWindowActorChild::SendRawMessage (Conduits, ConduitClosed) not sent: !CanSend() || !mManager || !mManager->CanSend(): file /build/firefox-AZpR68/firefox-113.0.2+build1/dom/ipc/jsactor/JSWindowActorChild.cpp:57
[Child 1885, Main Thread] WARNING: JSWindowActorChild::SendRawMessage (Conduits, ConduitClosed) not sent: !CanSend() || !mManager || !mManager->CanSend(): file /build/firefox-AZpR68/firefox-113.0.2+build1/dom/ipc/jsactor/JSWindowActorChild.cpp:57
[Child 1885, Main Thread] WARNING: JSWindowActorChild::SendRawMessage (Conduits, ConduitClosed) not sent: !CanSend() || !mManager || !mManager->CanSend(): file /build/firefox-AZpR68/firefox-113.0.2+build1/dom/ipc/jsactor/JSWindowActorChild.cpp:57
1690069450591	Marionette	INFO	Stopped listening on port 40513
JavaScript error: chrome://remote/content/marionette/cert.sys.mjs, line 51: NS_ERROR_NOT_AVAILABLE: Component returned failure code: 0x80040111 (NS_ERROR_NOT_AVAILABLE) [nsICertOverrideService.setDisableAllSecurityChecksAndLetAttackersInterceptMyData]
1690069460080	geckodriver	INFO	Listening on 127.0.0.1:51679
1690069461091	mozrunner::runner	INFO	Running command: "/usr/bin/firefox" "--marionette" "-no-remote" "-profile" "/tmp/rust_mozprofilefkUM8i"
console.warn: services.settings: Ignoring preference override of remote settings server
console.warn: services.settings: Allow by setting MOZ_REMOTE_SETTINGS_DEVTOOLS=1 in the environment
1690069461394	Marionette	INFO	Marionette enabled
1690069461396	Marionette	INFO	Listening on port 33867
Read port: 33867
1690069461540	RemoteAgent	WARN	TLS certificate errors will be ignored for this session
console.error: ({})
[ERROR glean_core] Error setting metrics feature config: Json(Error("EOF while parsing a value", line: 1, column: 0))
console.warn: LoginRecipes: "Falling back to a synchronous message for: http://localhost:8080."
console.warn: LoginRecipes: "Falling back to a synchronous message for: http://localhost:8080."
console.error: "update.locale" " file doesn't exist in either the application or GRE directories"
[Child 3026, Main Thread] WARNING: JSWindowActorChild::SendRawMessage (Conduits, ConduitClosed) not sent: !CanSend() || !mManager || !mManager->CanSend(): file /build/firefox-AZpR68/firefox-113.0.2+build1/dom/ipc/jsactor/JSWindowActorChild.cpp:57
[Child 3026, Main Thread] WARNING: JSWindowActorChild::SendRawMessage (Conduits, ConduitClosed) not sent: !CanSend() || !mManager || !mManager->CanSend(): file /build/firefox-AZpR68/firefox-113.0.2+build1/dom/ipc/jsactor/JSWindowActorChild.cpp:57
[Child 3026, Main Thread] WARNING: JSWindowActorChild::SendRawMessage (Conduits, ConduitClosed) not sent: !CanSend() || !mManager || !mManager->CanSend(): file /build/firefox-AZpR68/firefox-113.0.2+build1/dom/ipc/jsactor/JSWindowActorChild.cpp:57
[Child 3026, Main Thread] WARNING: JSWindowActorChild::SendRawMessage (Conduits, ConduitClosed) not sent: !CanSend() || !mManager || !mManager->CanSend(): file /build/firefox-AZpR68/firefox-113.0.2+build1/dom/ipc/jsactor/JSWindowActorChild.cpp:57
[Child 3026, Main Thread] WARNING: JSWindowActorChild::SendRawMessage (Conduits, ConduitClosed) not sent: !CanSend() || !mManager || !mManager->CanSend(): file /build/firefox-AZpR68/firefox-113.0.2+build1/dom/ipc/jsactor/JSWindowActorChild.cpp:57
[Child 3026, Main Thread] WARNING: JSWindowActorChild::SendRawMessage (Conduits, ConduitClosed) not sent: !CanSend() || !mManager || !mManager->CanSend(): file /build/firefox-AZpR68/firefox-113.0.2+build1/dom/ipc/jsactor/JSWindowActorChild.cpp:57
[Child 3026, Main Thread] WARNING: JSWindowActorChild::SendRawMessage (Conduits, ConduitClosed) not sent: !CanSend() || !mManager || !mManager->CanSend(): file /build/firefox-AZpR68/firefox-113.0.2+build1/dom/ipc/jsactor/JSWindowActorChild.cpp:57
[Child 3026, Main Thread] WARNING: JSWindowActorChild::SendRawMessage (Conduits, ConduitClosed) not sent: !CanSend() || !mManager || !mManager->CanSend(): file /build/firefox-AZpR68/firefox-113.0.2+build1/dom/ipc/jsactor/JSWindowActorChild.cpp:57
[Child 3026, Main Thread] WARNING: JSWindowActorChild::SendRawMessage (Conduits, ConduitClosed) not sent: !CanSend() || !mManager || !mManager->CanSend(): file /build/firefox-AZpR68/firefox-113.0.2+build1/dom/ipc/jsactor/JSWindowActorChild.cpp:57
1690069535356	Marionette	INFO	Stopped listening on port 33867
JavaScript error: chrome://remote/content/marionette/cert.sys.mjs, line 51: NS_ERROR_NOT_AVAILABLE: Component returned failure code: 0x80040111 (NS_ERROR_NOT_AVAILABLE) [nsICertOverrideService.setDisableAllSecurityChecksAndLetAttackersInterceptMyData]
1690069545067	geckodriver	INFO	Listening on 127.0.0.1:43635
1690069546077	mozrunner::runner	INFO	Running command: "/usr/bin/firefox" "--marionette" "-no-remote" "-profile" "/tmp/rust_mozprofileUr37bt"
console.warn: services.settings: Ignoring preference override of remote settings server
console.warn: services.settings: Allow by setting MOZ_REMOTE_SETTINGS_DEVTOOLS=1 in the environment
1690069546381	Marionette	INFO	Marionette enabled
1690069546383	Marionette	INFO	Listening on port 34225
Read port: 34225
1690069546524	RemoteAgent	WARN	TLS certificate errors will be ignored for this session
console.error: ({})
[ERROR glean_core] Error setting metrics feature config: Json(Error("EOF while parsing a value", line: 1, column: 0))
console.warn: LoginRecipes: "Falling back to a synchronous message for: http://localhost:8080."
console.warn: LoginRecipes: "Falling back to a synchronous message for: http://localhost:8080."
console.warn: LoginRecipes: "Falling back to a synchronous message for: http://localhost:8080."
console.error: "update.locale" " file doesn't exist in either the application or GRE directories"
[Child 3886, Main Thread] WARNING: JSWindowActorChild::SendRawMessage (Conduits, ConduitClosed) not sent: !CanSend() || !mManager || !mManager->CanSend(): file /build/firefox-AZpR68/firefox-113.0.2+build1/dom/ipc/jsactor/JSWindowActorChild.cpp:57
[Child 3886, Main Thread] WARNING: JSWindowActorChild::SendRawMessage (Conduits, ConduitClosed) not sent: !CanSend() || !mManager || !mManager->CanSend(): file /build/firefox-AZpR68/firefox-113.0.2+build1/dom/ipc/jsactor/JSWindowActorChild.cpp:57
[Child 3886, Main Thread] WARNING: JSWindowActorChild::SendRawMessage (Conduits, ConduitClosed) not sent: !CanSend() || !mManager || !mManager->CanSend(): file /build/firefox-AZpR68/firefox-113.0.2+build1/dom/ipc/jsactor/JSWindowActorChild.cpp:57
[Child 3886, Main Thread] WARNING: JSWindowActorChild::SendRawMessage (Conduits, ConduitClosed) not sent: !CanSend() || !mManager || !mManager->CanSend(): file /build/firefox-AZpR68/firefox-113.0.2+build1/dom/ipc/jsactor/JSWindowActorChild.cpp:57
[Child 3886, Main Thread] WARNING: JSWindowActorChild::SendRawMessage (Conduits, ConduitClosed) not sent: !CanSend() || !mManager || !mManager->CanSend(): file /build/firefox-AZpR68/firefox-113.0.2+build1/dom/ipc/jsactor/JSWindowActorChild.cpp:57
[Child 3886, Main Thread] WARNING: JSWindowActorChild::SendRawMessage (Conduits, ConduitClosed) not sent: !CanSend() || !mManager || !mManager->CanSend(): file /build/firefox-AZpR68/firefox-113.0.2+build1/dom/ipc/jsactor/JSWindowActorChild.cpp:57
[Child 3886, Main Thread] WARNING: JSWindowActorChild::SendRawMessage (Conduits, ConduitClosed) not sent: !CanSend() || !mManager || !mManager->CanSend(): file /build/firefox-AZpR68/firefox-113.0.2+build1/dom/ipc/jsactor/JSWindowActorChild.cpp:57
[Child 3886, Main Thread] WARNING: JSWindowActorChild::SendRawMessage (Conduits, ConduitClosed) not sent: !CanSend() || !mManager || !mManager->CanSend(): file /build/firefox-AZpR68/firefox-113.0.2+build1/dom/ipc/jsactor/JSWindowActorChild.cpp:57
[Child 3886, Main Thread] WARNING: JSWindowActorChild::SendRawMessage (Conduits, ConduitClosed) not sent: !CanSend() || !mManager || !mManager->CanSend(): file /build/firefox-AZpR68/firefox-113.0.2+build1/dom/ipc/jsactor/JSWindowActorChild.cpp:57
1690069620861	Marionette	INFO	Stopped listening on port 34225
JavaScript error: chrome://remote/content/marionette/cert.sys.mjs, line 51: NS_ERROR_NOT_AVAILABLE: Component returned failure code: 0x80040111 (NS_ERROR_NOT_AVAILABLE) [nsICertOverrideService.setDisableAllSecurityChecksAndLetAttackersInterceptMyData]
1690069633002	geckodriver	INFO	Listening on 127.0.0.1:60933
1690069634012	mozrunner::runner	INFO	Running command: "/usr/bin/firefox" "--marionette" "-no-remote" "-profile" "/tmp/rust_mozprofile2Nbpgj"
console.warn: services.settings: Ignoring preference override of remote settings server
console.warn: services.settings: Allow by setting MOZ_REMOTE_SETTINGS_DEVTOOLS=1 in the environment
1690069634310	Marionette	INFO	Marionette enabled
1690069634312	Marionette	INFO	Listening on port 45209
Read port: 45209
1690069634373	RemoteAgent	WARN	TLS certificate errors will be ignored for this session
console.error: ({})
[ERROR glean_core] Error setting metrics feature config: Json(Error("EOF while parsing a value", line: 1, column: 0))
console.warn: LoginRecipes: "Falling back to a synchronous message for: http://localhost:8080."
console.warn: LoginRecipes: "Falling back to a synchronous message for: http://localhost:8080."
console.error: "update.locale" " file doesn't exist in either the application or GRE directories"
console.error: "Can't start recording from event type: " "paste"
1690069711797	Marionette	WARN	Ignoring event 'DOMContentLoaded' because document has an invalid readyState of 'complete'.
libEGL warning: DRI2: failed to authenticate
ATTENTION: default value of option mesa_glthread overridden by environment.
JavaScript warning: https://pagead2.googlesyndication.com/bg/jSb6HqOEQjzv91X74bVaduN6Su8C1pNfo89i8sAbrkg.js line 2 > eval line 7649 > eval line 1 > eval line 1 > eval, line 1: WEBGL_debug_renderer_info is deprecated in Firefox and will be removed. Please use RENDERER.
console.warn: services.settings: Ignoring preference override of remote settings server
console.warn: services.settings: Allow by setting MOZ_REMOTE_SETTINGS_DEVTOOLS=1 in the environment
console.error: (new TypeError("lazy.AsyncShutdown.profileBeforeChange is undefined", "resource://services-settings/Database.sys.mjs", 599))
JavaScript error: , line 0: TypeError: NetworkError when attempting to fetch resource.
JavaScript error: , line 0: TypeError: NetworkError when attempting to fetch resource.
1690069739047	Marionette	WARN	Ignoring event 'DOMContentLoaded' because document has an invalid readyState of 'complete'.
console.warn: LoginRecipes: "Falling back to a synchronous message for: https://github.com."
1690069742514	Marionette	WARN	Ignoring event 'DOMContentLoaded' because document has an invalid readyState of 'complete'.
console.warn: LoginRecipes: "Falling back to a synchronous message for: https://github.com."
1690069745338	Marionette	WARN	Ignoring event 'DOMContentLoaded' because document has an invalid readyState of 'complete'.
1690069747359	Marionette	WARN	Ignoring event 'DOMContentLoaded' because document has an invalid readyState of 'complete'.
libEGL warning: DRI2: failed to authenticate
ATTENTION: default value of option mesa_glthread overridden by environment.
JavaScript warning: https://pagead2.googlesyndication.com/bg/jSb6HqOEQjzv91X74bVaduN6Su8C1pNfo89i8sAbrkg.js line 2 > eval line 3847 > eval line 1 > eval line 1 > eval, line 1: WEBGL_debug_renderer_info is deprecated in Firefox and will be removed. Please use RENDERER.
1690069749863	Marionette	WARN	Ignoring event 'DOMContentLoaded' because document has an invalid readyState of 'complete'.
console.warn: LoginRecipes: "Falling back to a synchronous message for: https://community.aseprite.org."
1690069751330	Marionette	WARN	Ignoring event 'DOMContentLoaded' because document has an invalid readyState of 'complete'.
1690069753881	Marionette	WARN	Ignoring event 'DOMContentLoaded' because document has an invalid readyState of 'complete'.
1690069756311	Marionette	WARN	Ignoring event 'DOMContentLoaded' because document has an invalid readyState of 'complete'.
libEGL warning: DRI2: failed to authenticate
ATTENTION: default value of option mesa_glthread overridden by environment.
JavaScript warning: https://pagead2.googlesyndication.com/bg/jSb6HqOEQjzv91X74bVaduN6Su8C1pNfo89i8sAbrkg.js line 2 > eval line 3761 > eval line 1 > eval line 1 > eval, line 1: WEBGL_debug_renderer_info is deprecated in Firefox and will be removed. Please use RENDERER.
console.warn: LoginRecipes: "Falling back to a synchronous message for: https://community.dojofordrones.com."
1690069758146	Marionette	WARN	Ignoring event 'DOMContentLoaded' because document has an invalid readyState of 'complete'.
1690069759852	Marionette	WARN	Ignoring event 'DOMContentLoaded' because document has an invalid readyState of 'complete'.
JavaScript warning: https://www.appsloveworld.com/detroitchicago/cmbv2.js?gcb=195-0&cb=04-3y02-8y06-13y07-2y1d-7y0b-6y0d-23y15-3y17-4y1b-5y20-4y24-2y25-3y28-70y2b-154y2f-166y33-4y35-17y39-12y3a-6y58-2y5c-22y63-1&cmbcb=169&sj=x04x02x06x07x1dx0bx0dx15x17x1bx20x24x25x28x2bx2fx33x35x39x3ax58x5cx63, line 152: unreachable code after return statement
1690069762462	Marionette	WARN	Ignoring event 'DOMContentLoaded' because document has an invalid readyState of 'complete'.
1690069764813	Marionette	WARN	Ignoring event 'DOMContentLoaded' because document has an invalid readyState of 'complete'.
libEGL warning: DRI2: failed to authenticate
ATTENTION: default value of option mesa_glthread overridden by environment.
JavaScript warning: https://pagead2.googlesyndication.com/bg/jSb6HqOEQjzv91X74bVaduN6Su8C1pNfo89i8sAbrkg.js line 2 > eval line 2155 > eval line 1 > eval line 1 > eval, line 1: WEBGL_debug_renderer_info is deprecated in Firefox and will be removed. Please use RENDERER.
JavaScript error: https://www.appsloveworld.com/detroitchicago/cmbv2.js?gcb=195-0&cb=04-3y02-8y06-13y07-2y1d-7y0b-6y0d-23y15-3y17-4y1b-5y20-4y24-2y25-3y28-70y2b-154y2f-166y33-4y35-17y39-12y3a-6y58-2y5c-22y63-1&cmbcb=169&sj=x04x02x06x07x1dx0bx0dx15x17x1bx20x24x25x28x2bx2fx33x35x39x3ax58x5cx63, line 621: RangeError: invalid time zone in DateTimeFormat(): CST
[Child 6287, MediaDecoderStateMachine #1] WARNING: Decoder=ffff6b55e100 Decode error: NS_ERROR_DOM_MEDIA_FATAL_ERR (0x806e0005) - Error no decoder found for audio/mp4a-latm: file /build/firefox-AZpR68/firefox-113.0.2+build1/dom/media/MediaDecoderStateMachineBase.cpp:164
[Child 6287, MediaDecoderStateMachine #1] WARNING: Decoder=ffff6b55e100 Decode error: NS_ERROR_DOM_MEDIA_FATAL_ERR (0x806e0005) - Error no decoder found for video/avc: file /build/firefox-AZpR68/firefox-113.0.2+build1/dom/media/MediaDecoderStateMachineBase.cpp:164
1690069941281	geckodriver	INFO	Listening on 127.0.0.1:47059
1690069942287	mozrunner::runner	INFO	Running command: "/usr/bin/firefox" "--marionette" "-no-remote" "-profile" "/tmp/rust_mozprofileMMdwcT"
console.warn: services.settings: Ignoring preference override of remote settings server
console.warn: services.settings: Allow by setting MOZ_REMOTE_SETTINGS_DEVTOOLS=1 in the environment
1690069942656	Marionette	INFO	Marionette enabled
1690069942658	Marionette	INFO	Listening on port 34261
Read port: 34261
1690069942752	RemoteAgent	WARN	TLS certificate errors will be ignored for this session
console.error: ({})
[ERROR glean_core] Error setting metrics feature config: Json(Error("EOF while parsing a value", line: 1, column: 0))
console.warn: LoginRecipes: "Falling back to a synchronous message for: http://localhost:8080."
console.warn: LoginRecipes: "Falling back to a synchronous message for: http://localhost:8080."
console.warn: LoginRecipes: "Falling back to a synchronous message for: http://localhost:8080."
console.error: "update.locale" " file doesn't exist in either the application or GRE directories"
1690100946440	geckodriver	INFO	Listening on 127.0.0.1:43397
1690100947447	mozrunner::runner	INFO	Running command: "/usr/bin/firefox" "--marionette" "-no-remote" "-profile" "/tmp/rust_mozprofileCzgjUP"
console.warn: services.settings: Ignoring preference override of remote settings server
console.warn: services.settings: Allow by setting MOZ_REMOTE_SETTINGS_DEVTOOLS=1 in the environment
1690100947967	Marionette	INFO	Marionette enabled
1690100947970	Marionette	INFO	Listening on port 38903
Read port: 38903
1690100948086	RemoteAgent	WARN	TLS certificate errors will be ignored for this session
console.error: ({})
[ERROR glean_core] Error setting metrics feature config: Json(Error("EOF while parsing a value", line: 1, column: 0))
console.warn: LoginRecipes: "Falling back to a synchronous message for: http://localhost:8080."
console.warn: LoginRecipes: "Falling back to a synchronous message for: http://localhost:8080."
console.error: "update.locale" " file doesn't exist in either the application or GRE directories"
[Child 3414, Main Thread] WARNING: JSWindowActorChild::SendRawMessage (Conduits, ConduitClosed) not sent: !CanSend() || !mManager || !mManager->CanSend(): file /build/firefox-AZpR68/firefox-113.0.2+build1/dom/ipc/jsactor/JSWindowActorChild.cpp:57
[Child 3414, Main Thread] WARNING: JSWindowActorChild::SendRawMessage (Conduits, ConduitClosed) not sent: !CanSend() || !mManager || !mManager->CanSend(): file /build/firefox-AZpR68/firefox-113.0.2+build1/dom/ipc/jsactor/JSWindowActorChild.cpp:57
[Child 3414, Main Thread] WARNING: JSWindowActorChild::SendRawMessage (Conduits, ConduitClosed) not sent: !CanSend() || !mManager || !mManager->CanSend(): file /build/firefox-AZpR68/firefox-113.0.2+build1/dom/ipc/jsactor/JSWindowActorChild.cpp:57
[Child 3414, Main Thread] WARNING: JSWindowActorChild::SendRawMessage (Conduits, ConduitClosed) not sent: !CanSend() || !mManager || !mManager->CanSend(): file /build/firefox-AZpR68/firefox-113.0.2+build1/dom/ipc/jsactor/JSWindowActorChild.cpp:57
[Child 3414, Main Thread] WARNING: JSWindowActorChild::SendRawMessage (Conduits, ConduitClosed) not sent: !CanSend() || !mManager || !mManager->CanSend(): file /build/firefox-AZpR68/firefox-113.0.2+build1/dom/ipc/jsactor/JSWindowActorChild.cpp:57
[Child 3414, Main Thread] WARNING: JSWindowActorChild::SendRawMessage (Conduits, ConduitClosed) not sent: !CanSend() || !mManager || !mManager->CanSend(): file /build/firefox-AZpR68/firefox-113.0.2+build1/dom/ipc/jsactor/JSWindowActorChild.cpp:57
[Child 3414, Main Thread] WARNING: JSWindowActorChild::SendRawMessage (Conduits, ConduitClosed) not sent: !CanSend() || !mManager || !mManager->CanSend(): file /build/firefox-AZpR68/firefox-113.0.2+build1/dom/ipc/jsactor/JSWindowActorChild.cpp:57
[Child 3414, Main Thread] WARNING: JSWindowActorChild::SendRawMessage (Conduits, ConduitClosed) not sent: !CanSend() || !mManager || !mManager->CanSend(): file /build/firefox-AZpR68/firefox-113.0.2+build1/dom/ipc/jsactor/JSWindowActorChild.cpp:57
[Child 3414, Main Thread] WARNING: JSWindowActorChild::SendRawMessage (Conduits, ConduitClosed) not sent: !CanSend() || !mManager || !mManager->CanSend(): file /build/firefox-AZpR68/firefox-113.0.2+build1/dom/ipc/jsactor/JSWindowActorChild.cpp:57
1690101007299	Marionette	INFO	Stopped listening on port 38903
JavaScript error: chrome://remote/content/marionette/cert.sys.mjs, line 51: NS_ERROR_NOT_AVAILABLE: Component returned failure code: 0x80040111 (NS_ERROR_NOT_AVAILABLE) [nsICertOverrideService.setDisableAllSecurityChecksAndLetAttackersInterceptMyData]
WARNING: A blocker encountered an error while we were waiting.
          Blocker:  Waiting for ping task
          Phase: TelemetryController: Waiting for pending ping activity
          State: (none)
WARNING: Error: Phase "profile-before-change" is finished, it is too late to register completion condition "OS.File: flush I/O queued before profileBeforeChange"
WARNING: addBlocker@resource://gre/modules/AsyncShutdown.sys.mjs:727:15
addBlocker@resource://gre/modules/AsyncShutdown.sys.mjs:523:26
addBlocker@resource://gre/modules/AsyncShutdown.sys.mjs:458:15
setupShutdown@resource://gre/modules/osfile/osfile_async_front.jsm:1548:28
@resource://gre/modules/osfile/osfile_async_front.jsm:1568:16
@resource://gre/modules/osfile.jsm:12:30
@resource://gre/modules/TelemetryStorage.sys.mjs:10:28
_checkPendingPings@resource://gre/modules/TelemetrySend.sys.mjs:859:17
setup@resource://gre/modules/TelemetrySend.sys.mjs:799:18
setup@resource://gre/modules/TelemetrySend.sys.mjs:237:30
setupTelemetry/this._delayedInitTask<@resource://gre/modules/TelemetryControllerParent.sys.mjs:824:36
observe@resource://gre/modules/AsyncShutdown.sys.mjs:576:16

console.error: "TelemetryScheduler.shutdown - Already shut down"
WARNING: A blocker encountered an error while we were waiting.
          Blocker:  Waiting for ping task
          Phase: TelemetryController: Waiting for pending ping activity
          State: (none)
WARNING: Error: Phase "profile-before-change" is finished, it is too late to register completion condition "OS.File: flush I/O queued before profileBeforeChange"
WARNING: addBlocker@resource://gre/modules/AsyncShutdown.sys.mjs:727:15
addBlocker@resource://gre/modules/AsyncShutdown.sys.mjs:523:26
addBlocker@resource://gre/modules/AsyncShutdown.sys.mjs:458:15
setupShutdown@resource://gre/modules/osfile/osfile_async_front.jsm:1548:28
@resource://gre/modules/osfile/osfile_async_front.jsm:1568:16
@resource://gre/modules/osfile.jsm:12:30
@resource://gre/modules/TelemetryStorage.sys.mjs:10:28
_checkPendingPings@resource://gre/modules/TelemetrySend.sys.mjs:859:17
setup@resource://gre/modules/TelemetrySend.sys.mjs:799:18
setup@resource://gre/modules/TelemetrySend.sys.mjs:237:30
setupTelemetry/this._delayedInitTask<@resource://gre/modules/TelemetryControllerParent.sys.mjs:824:36
observe@resource://gre/modules/AsyncShutdown.sys.mjs:576:16

WARNING: A blocker encountered an error while we were waiting.
          Blocker:  Waiting for ping task
          Phase: TelemetryController: Waiting for pending ping activity
          State: (none)
WARNING: Error: Phase "profile-before-change" is finished, it is too late to register completion condition "OS.File: flush I/O queued before profileBeforeChange"
WARNING: addBlocker@resource://gre/modules/AsyncShutdown.sys.mjs:727:15
addBlocker@resource://gre/modules/AsyncShutdown.sys.mjs:523:26
addBlocker@resource://gre/modules/AsyncShutdown.sys.mjs:458:15
setupShutdown@resource://gre/modules/osfile/osfile_async_front.jsm:1548:28
@resource://gre/modules/osfile/osfile_async_front.jsm:1568:16
@resource://gre/modules/osfile.jsm:12:30
@resource://gre/modules/TelemetryStorage.sys.mjs:10:28
_checkPendingPings@resource://gre/modules/TelemetrySend.sys.mjs:859:17
setup@resource://gre/modules/TelemetrySend.sys.mjs:799:18
setup@resource://gre/modules/TelemetrySend.sys.mjs:237:30
setupTelemetry/this._delayedInitTask<@resource://gre/modules/TelemetryControllerParent.sys.mjs:824:36
observe@resource://gre/modules/AsyncShutdown.sys.mjs:576:16

WARNING: A blocker encountered an error while we were waiting.
          Blocker:  TelemetryController: shutting down
          Phase: profile-before-change-telemetry
          State: Error getting state: Error: Phase "profile-before-change" is finished, it is too late to register completion condition "OS.File: flush I/O queued before profileBeforeChange" at addBlocker@resource://gre/modules/AsyncShutdown.sys.mjs:727:15
addBlocker@resource://gre/modules/AsyncShutdown.sys.mjs:523:26
addBlocker@resource://gre/modules/AsyncShutdown.sys.mjs:458:15
setupShutdown@resource://gre/modules/osfile/osfile_async_front.jsm:1548:28
@resource://gre/modules/osfile/osfile_async_front.jsm:1568:16
@resource://gre/modules/osfile.jsm:12:30
@resource://gre/modules/TelemetryStorage.sys.mjs:10:28
_checkPendingPings@resource://gre/modules/TelemetrySend.sys.mjs:859:17
setup@resource://gre/modules/TelemetrySend.sys.mjs:799:18
setup@resource://gre/modules/TelemetrySend.sys.mjs:237:30
setupTelemetry/this._delayedInitTask<@resource://gre/modules/TelemetryControllerParent.sys.mjs:824:36
observe@resource://gre/modules/AsyncShutdown.sys.mjs:576:16

WARNING: Error: Phase "profile-before-change" is finished, it is too late to register completion condition "OS.File: flush I/O queued before profileBeforeChange"
WARNING: addBlocker@resource://gre/modules/AsyncShutdown.sys.mjs:727:15
addBlocker@resource://gre/modules/AsyncShutdown.sys.mjs:523:26
addBlocker@resource://gre/modules/AsyncShutdown.sys.mjs:458:15
setupShutdown@resource://gre/modules/osfile/osfile_async_front.jsm:1548:28
@resource://gre/modules/osfile/osfile_async_front.jsm:1568:16
@resource://gre/modules/osfile.jsm:12:30
@resource://gre/modules/TelemetryStorage.sys.mjs:10:28
_checkPendingPings@resource://gre/modules/TelemetrySend.sys.mjs:859:17
setup@resource://gre/modules/TelemetrySend.sys.mjs:799:18
setup@resource://gre/modules/TelemetrySend.sys.mjs:237:30
setupTelemetry/this._delayedInitTask<@resource://gre/modules/TelemetryControllerParent.sys.mjs:824:36
observe@resource://gre/modules/AsyncShutdown.sys.mjs:576:16

JavaScript error: resource://gre/modules/AsyncShutdown.sys.mjs, line 727: Error: Phase "profile-before-change" is finished, it is too late to register completion condition "OS.File: flush I/O queued before profileBeforeChange"
JavaScript error: resource://gre/modules/AsyncShutdown.sys.mjs, line 727: Error: Phase "profile-before-change" is finished, it is too late to register completion condition "OS.File: flush I/O queued before profileBeforeChange"
JavaScript error: resource://gre/modules/AsyncShutdown.sys.mjs, line 727: Error: Phase "profile-before-change" is finished, it is too late to register completion condition "OS.File: flush I/O queued before profileBeforeChange"
JavaScript error: resource://gre/modules/AsyncShutdown.sys.mjs, line 727: Error: Phase "profile-before-change" is finished, it is too late to register completion condition "OS.File: flush I/O queued before profileBeforeChange"
JavaScript error: resource://gre/modules/AsyncShutdown.sys.mjs, line 727: Error: Phase "profile-before-change" is finished, it is too late to register completion condition "OS.File: flush I/O queued before profileBeforeChange"
JavaScript error: resource://gre/modules/AsyncShutdown.sys.mjs, line 727: Error: Phase "profile-before-change" is finished, it is too late to register completion condition "OS.File: flush I/O queued before profileBeforeChange"
1690101084810	geckodriver	INFO	Listening on 127.0.0.1:44561
1690101085820	mozrunner::runner	INFO	Running command: "/usr/bin/firefox" "--marionette" "-no-remote" "-profile" "/tmp/rust_mozprofilez0D6pR"
console.warn: services.settings: Ignoring preference override of remote settings server
console.warn: services.settings: Allow by setting MOZ_REMOTE_SETTINGS_DEVTOOLS=1 in the environment
1690101086166	Marionette	INFO	Marionette enabled
1690101086168	Marionette	INFO	Listening on port 43233
Read port: 43233
1690101086264	RemoteAgent	WARN	TLS certificate errors will be ignored for this session
console.error: ({})
[ERROR glean_core] Error setting metrics feature config: Json(Error("EOF while parsing a value", line: 1, column: 0))
console.warn: LoginRecipes: "Falling back to a synchronous message for: http://localhost:8080."
console.warn: LoginRecipes: "Falling back to a synchronous message for: http://localhost:8080."
console.warn: LoginRecipes: "Falling back to a synchronous message for: http://localhost:8080."
console.error: "update.locale" " file doesn't exist in either the application or GRE directories"
[Child 4221, Main Thread] WARNING: JSWindowActorChild::SendRawMessage (Conduits, ConduitClosed) not sent: !CanSend() || !mManager || !mManager->CanSend(): file /build/firefox-AZpR68/firefox-113.0.2+build1/dom/ipc/jsactor/JSWindowActorChild.cpp:57
[Child 4221, Main Thread] WARNING: JSWindowActorChild::SendRawMessage (Conduits, ConduitClosed) not sent: !CanSend() || !mManager || !mManager->CanSend(): file /build/firefox-AZpR68/firefox-113.0.2+build1/dom/ipc/jsactor/JSWindowActorChild.cpp:57
[Child 4221, Main Thread] WARNING: JSWindowActorChild::SendRawMessage (Conduits, ConduitClosed) not sent: !CanSend() || !mManager || !mManager->CanSend(): file /build/firefox-AZpR68/firefox-113.0.2+build1/dom/ipc/jsactor/JSWindowActorChild.cpp:57
[Child 4221, Main Thread] WARNING: JSWindowActorChild::SendRawMessage (Conduits, ConduitClosed) not sent: !CanSend() || !mManager || !mManager->CanSend(): file /build/firefox-AZpR68/firefox-113.0.2+build1/dom/ipc/jsactor/JSWindowActorChild.cpp:57
[Child 4221, Main Thread] WARNING: JSWindowActorChild::SendRawMessage (Conduits, ConduitClosed) not sent: !CanSend() || !mManager || !mManager->CanSend(): file /build/firefox-AZpR68/firefox-113.0.2+build1/dom/ipc/jsactor/JSWindowActorChild.cpp:57
[Child 4221, Main Thread] WARNING: JSWindowActorChild::SendRawMessage (Conduits, ConduitClosed) not sent: !CanSend() || !mManager || !mManager->CanSend(): file /build/firefox-AZpR68/firefox-113.0.2+build1/dom/ipc/jsactor/JSWindowActorChild.cpp:57
[Child 4221, Main Thread] WARNING: JSWindowActorChild::SendRawMessage (Conduits, ConduitClosed) not sent: !CanSend() || !mManager || !mManager->CanSend(): file /build/firefox-AZpR68/firefox-113.0.2+build1/dom/ipc/jsactor/JSWindowActorChild.cpp:57
[Child 4221, Main Thread] WARNING: JSWindowActorChild::SendRawMessage (Conduits, ConduitClosed) not sent: !CanSend() || !mManager || !mManager->CanSend(): file /build/firefox-AZpR68/firefox-113.0.2+build1/dom/ipc/jsactor/JSWindowActorChild.cpp:57
[Child 4221, Main Thread] WARNING: JSWindowActorChild::SendRawMessage (Conduits, ConduitClosed) not sent: !CanSend() || !mManager || !mManager->CanSend(): file /build/firefox-AZpR68/firefox-113.0.2+build1/dom/ipc/jsactor/JSWindowActorChild.cpp:57
1690102027939	Marionette	INFO	Stopped listening on port 43233
JavaScript error: chrome://remote/content/marionette/cert.sys.mjs, line 51: NS_ERROR_NOT_AVAILABLE: Component returned failure code: 0x80040111 (NS_ERROR_NOT_AVAILABLE) [nsICertOverrideService.setDisableAllSecurityChecksAndLetAttackersInterceptMyData]
WARNING: A blocker encountered an error while we were waiting.
          Blocker:  Waiting for ping task
          Phase: TelemetryController: Waiting for pending ping activity
          State: (none)
WARNING: Error: Phase "profile-before-change" is finished, it is too late to register completion condition "OS.File: flush I/O queued before profileBeforeChange"
WARNING: addBlocker@resource://gre/modules/AsyncShutdown.sys.mjs:727:15
addBlocker@resource://gre/modules/AsyncShutdown.sys.mjs:523:26
addBlocker@resource://gre/modules/AsyncShutdown.sys.mjs:458:15
setupShutdown@resource://gre/modules/osfile/osfile_async_front.jsm:1548:28
@resource://gre/modules/osfile/osfile_async_front.jsm:1568:16
@resource://gre/modules/osfile.jsm:12:30
@resource://gre/modules/TelemetryStorage.sys.mjs:10:28
_checkPendingPings@resource://gre/modules/TelemetrySend.sys.mjs:859:17
setup@resource://gre/modules/TelemetrySend.sys.mjs:799:18
setup@resource://gre/modules/TelemetrySend.sys.mjs:237:30
setupTelemetry/this._delayedInitTask<@resource://gre/modules/TelemetryControllerParent.sys.mjs:824:36
observe@resource://gre/modules/AsyncShutdown.sys.mjs:576:16

console.error: "TelemetryScheduler.shutdown - Already shut down"
WARNING: A blocker encountered an error while we were waiting.
          Blocker:  Waiting for ping task
          Phase: TelemetryController: Waiting for pending ping activity
          State: (none)
WARNING: Error: Phase "profile-before-change" is finished, it is too late to register completion condition "OS.File: flush I/O queued before profileBeforeChange"
WARNING: addBlocker@resource://gre/modules/AsyncShutdown.sys.mjs:727:15
addBlocker@resource://gre/modules/AsyncShutdown.sys.mjs:523:26
addBlocker@resource://gre/modules/AsyncShutdown.sys.mjs:458:15
setupShutdown@resource://gre/modules/osfile/osfile_async_front.jsm:1548:28
@resource://gre/modules/osfile/osfile_async_front.jsm:1568:16
@resource://gre/modules/osfile.jsm:12:30
@resource://gre/modules/TelemetryStorage.sys.mjs:10:28
_checkPendingPings@resource://gre/modules/TelemetrySend.sys.mjs:859:17
setup@resource://gre/modules/TelemetrySend.sys.mjs:799:18
setup@resource://gre/modules/TelemetrySend.sys.mjs:237:30
setupTelemetry/this._delayedInitTask<@resource://gre/modules/TelemetryControllerParent.sys.mjs:824:36
observe@resource://gre/modules/AsyncShutdown.sys.mjs:576:16

WARNING: A blocker encountered an error while we were waiting.
          Blocker:  Waiting for ping task
          Phase: TelemetryController: Waiting for pending ping activity
          State: (none)
WARNING: Error: Phase "profile-before-change" is finished, it is too late to register completion condition "OS.File: flush I/O queued before profileBeforeChange"
WARNING: addBlocker@resource://gre/modules/AsyncShutdown.sys.mjs:727:15
addBlocker@resource://gre/modules/AsyncShutdown.sys.mjs:523:26
addBlocker@resource://gre/modules/AsyncShutdown.sys.mjs:458:15
setupShutdown@resource://gre/modules/osfile/osfile_async_front.jsm:1548:28
@resource://gre/modules/osfile/osfile_async_front.jsm:1568:16
@resource://gre/modules/osfile.jsm:12:30
@resource://gre/modules/TelemetryStorage.sys.mjs:10:28
_checkPendingPings@resource://gre/modules/TelemetrySend.sys.mjs:859:17
setup@resource://gre/modules/TelemetrySend.sys.mjs:799:18
setup@resource://gre/modules/TelemetrySend.sys.mjs:237:30
setupTelemetry/this._delayedInitTask<@resource://gre/modules/TelemetryControllerParent.sys.mjs:824:36
observe@resource://gre/modules/AsyncShutdown.sys.mjs:576:16

WARNING: A blocker encountered an error while we were waiting.
          Blocker:  TelemetryController: shutting down
          Phase: profile-before-change-telemetry
          State: Error getting state: Error: Phase "profile-before-change" is finished, it is too late to register completion condition "OS.File: flush I/O queued before profileBeforeChange" at addBlocker@resource://gre/modules/AsyncShutdown.sys.mjs:727:15
addBlocker@resource://gre/modules/AsyncShutdown.sys.mjs:523:26
addBlocker@resource://gre/modules/AsyncShutdown.sys.mjs:458:15
setupShutdown@resource://gre/modules/osfile/osfile_async_front.jsm:1548:28
@resource://gre/modules/osfile/osfile_async_front.jsm:1568:16
@resource://gre/modules/osfile.jsm:12:30
@resource://gre/modules/TelemetryStorage.sys.mjs:10:28
_checkPendingPings@resource://gre/modules/TelemetrySend.sys.mjs:859:17
setup@resource://gre/modules/TelemetrySend.sys.mjs:799:18
setup@resource://gre/modules/TelemetrySend.sys.mjs:237:30
setupTelemetry/this._delayedInitTask<@resource://gre/modules/TelemetryControllerParent.sys.mjs:824:36
observe@resource://gre/modules/AsyncShutdown.sys.mjs:576:16

WARNING: Error: Phase "profile-before-change" is finished, it is too late to register completion condition "OS.File: flush I/O queued before profileBeforeChange"
WARNING: addBlocker@resource://gre/modules/AsyncShutdown.sys.mjs:727:15
addBlocker@resource://gre/modules/AsyncShutdown.sys.mjs:523:26
addBlocker@resource://gre/modules/AsyncShutdown.sys.mjs:458:15
setupShutdown@resource://gre/modules/osfile/osfile_async_front.jsm:1548:28
@resource://gre/modules/osfile/osfile_async_front.jsm:1568:16
@resource://gre/modules/osfile.jsm:12:30
@resource://gre/modules/TelemetryStorage.sys.mjs:10:28
_checkPendingPings@resource://gre/modules/TelemetrySend.sys.mjs:859:17
setup@resource://gre/modules/TelemetrySend.sys.mjs:799:18
setup@resource://gre/modules/TelemetrySend.sys.mjs:237:30
setupTelemetry/this._delayedInitTask<@resource://gre/modules/TelemetryControllerParent.sys.mjs:824:36
observe@resource://gre/modules/AsyncShutdown.sys.mjs:576:16

JavaScript error: resource://gre/modules/AsyncShutdown.sys.mjs, line 727: Error: Phase "profile-before-change" is finished, it is too late to register completion condition "OS.File: flush I/O queued before profileBeforeChange"
JavaScript error: resource://gre/modules/AsyncShutdown.sys.mjs, line 727: Error: Phase "profile-before-change" is finished, it is too late to register completion condition "OS.File: flush I/O queued before profileBeforeChange"
JavaScript error: resource://gre/modules/AsyncShutdown.sys.mjs, line 727: Error: Phase "profile-before-change" is finished, it is too late to register completion condition "OS.File: flush I/O queued before profileBeforeChange"
JavaScript error: resource://gre/modules/AsyncShutdown.sys.mjs, line 727: Error: Phase "profile-before-change" is finished, it is too late to register completion condition "OS.File: flush I/O queued before profileBeforeChange"
JavaScript error: resource://gre/modules/AsyncShutdown.sys.mjs, line 727: Error: Phase "profile-before-change" is finished, it is too late to register completion condition "OS.File: flush I/O queued before profileBeforeChange"
JavaScript error: resource://gre/modules/AsyncShutdown.sys.mjs, line 727: Error: Phase "profile-before-change" is finished, it is too late to register completion condition "OS.File: flush I/O queued before profileBeforeChange"
1690102049176	geckodriver	INFO	Listening on 127.0.0.1:60607
1690102050186	mozrunner::runner	INFO	Running command: "/usr/bin/firefox" "--marionette" "-no-remote" "-profile" "/tmp/rust_mozprofileOQUfkb"
console.warn: services.settings: Ignoring preference override of remote settings server
console.warn: services.settings: Allow by setting MOZ_REMOTE_SETTINGS_DEVTOOLS=1 in the environment
1690102050486	Marionette	INFO	Marionette enabled
1690102050488	Marionette	INFO	Listening on port 43353
Read port: 43353
1690102050665	RemoteAgent	WARN	TLS certificate errors will be ignored for this session
console.error: ({})
[ERROR glean_core] Error setting metrics feature config: Json(Error("EOF while parsing a value", line: 1, column: 0))
console.warn: LoginRecipes: "Falling back to a synchronous message for: http://localhost:8080."
console.warn: LoginRecipes: "Falling back to a synchronous message for: http://localhost:8080."
console.warn: LoginRecipes: "Falling back to a synchronous message for: http://localhost:8080."
console.error: "update.locale" " file doesn't exist in either the application or GRE directories"
[Child 5050, Main Thread] WARNING: JSWindowActorChild::SendRawMessage (Conduits, ConduitClosed) not sent: !CanSend() || !mManager || !mManager->CanSend(): file /build/firefox-AZpR68/firefox-113.0.2+build1/dom/ipc/jsactor/JSWindowActorChild.cpp:57
[Child 5050, Main Thread] WARNING: JSWindowActorChild::SendRawMessage (Conduits, ConduitClosed) not sent: !CanSend() || !mManager || !mManager->CanSend(): file /build/firefox-AZpR68/firefox-113.0.2+build1/dom/ipc/jsactor/JSWindowActorChild.cpp:57
[Child 5050, Main Thread] WARNING: JSWindowActorChild::SendRawMessage (Conduits, ConduitClosed) not sent: !CanSend() || !mManager || !mManager->CanSend(): file /build/firefox-AZpR68/firefox-113.0.2+build1/dom/ipc/jsactor/JSWindowActorChild.cpp:57
[Child 5050, Main Thread] WARNING: JSWindowActorChild::SendRawMessage (Conduits, ConduitClosed) not sent: !CanSend() || !mManager || !mManager->CanSend(): file /build/firefox-AZpR68/firefox-113.0.2+build1/dom/ipc/jsactor/JSWindowActorChild.cpp:57
[Child 5050, Main Thread] WARNING: JSWindowActorChild::SendRawMessage (Conduits, ConduitClosed) not sent: !CanSend() || !mManager || !mManager->CanSend(): file /build/firefox-AZpR68/firefox-113.0.2+build1/dom/ipc/jsactor/JSWindowActorChild.cpp:57
[Child 5050, Main Thread] WARNING: JSWindowActorChild::SendRawMessage (Conduits, ConduitClosed) not sent: !CanSend() || !mManager || !mManager->CanSend(): file /build/firefox-AZpR68/firefox-113.0.2+build1/dom/ipc/jsactor/JSWindowActorChild.cpp:57
[Child 5050, Main Thread] WARNING: JSWindowActorChild::SendRawMessage (Conduits, ConduitClosed) not sent: !CanSend() || !mManager || !mManager->CanSend(): file /build/firefox-AZpR68/firefox-113.0.2+build1/dom/ipc/jsactor/JSWindowActorChild.cpp:57
[Child 5050, Main Thread] WARNING: JSWindowActorChild::SendRawMessage (Conduits, ConduitClosed) not sent: !CanSend() || !mManager || !mManager->CanSend(): file /build/firefox-AZpR68/firefox-113.0.2+build1/dom/ipc/jsactor/JSWindowActorChild.cpp:57
[Child 5050, Main Thread] WARNING: JSWindowActorChild::SendRawMessage (Conduits, ConduitClosed) not sent: !CanSend() || !mManager || !mManager->CanSend(): file /build/firefox-AZpR68/firefox-113.0.2+build1/dom/ipc/jsactor/JSWindowActorChild.cpp:57
1690102105403	Marionette	INFO	Stopped listening on port 43353
JavaScript error: chrome://remote/content/marionette/cert.sys.mjs, line 51: NS_ERROR_NOT_AVAILABLE: Component returned failure code: 0x80040111 (NS_ERROR_NOT_AVAILABLE) [nsICertOverrideService.setDisableAllSecurityChecksAndLetAttackersInterceptMyData]
WARNING: A blocker encountered an error while we were waiting.
          Blocker:  Waiting for ping task
          Phase: TelemetryController: Waiting for pending ping activity
          State: (none)
WARNING: Error: Phase "profile-before-change" is finished, it is too late to register completion condition "OS.File: flush I/O queued before profileBeforeChange"
WARNING: addBlocker@resource://gre/modules/AsyncShutdown.sys.mjs:727:15
addBlocker@resource://gre/modules/AsyncShutdown.sys.mjs:523:26
addBlocker@resource://gre/modules/AsyncShutdown.sys.mjs:458:15
setupShutdown@resource://gre/modules/osfile/osfile_async_front.jsm:1548:28
@resource://gre/modules/osfile/osfile_async_front.jsm:1568:16
@resource://gre/modules/osfile.jsm:12:30
@resource://gre/modules/TelemetryStorage.sys.mjs:10:28
_checkPendingPings@resource://gre/modules/TelemetrySend.sys.mjs:859:17
setup@resource://gre/modules/TelemetrySend.sys.mjs:799:18
setup@resource://gre/modules/TelemetrySend.sys.mjs:237:30
setupTelemetry/this._delayedInitTask<@resource://gre/modules/TelemetryControllerParent.sys.mjs:824:36
observe@resource://gre/modules/AsyncShutdown.sys.mjs:576:16

console.error: "TelemetryScheduler.shutdown - Already shut down"
WARNING: A blocker encountered an error while we were waiting.
          Blocker:  Waiting for ping task
          Phase: TelemetryController: Waiting for pending ping activity
          State: (none)
WARNING: Error: Phase "profile-before-change" is finished, it is too late to register completion condition "OS.File: flush I/O queued before profileBeforeChange"
WARNING: addBlocker@resource://gre/modules/AsyncShutdown.sys.mjs:727:15
addBlocker@resource://gre/modules/AsyncShutdown.sys.mjs:523:26
addBlocker@resource://gre/modules/AsyncShutdown.sys.mjs:458:15
setupShutdown@resource://gre/modules/osfile/osfile_async_front.jsm:1548:28
@resource://gre/modules/osfile/osfile_async_front.jsm:1568:16
@resource://gre/modules/osfile.jsm:12:30
@resource://gre/modules/TelemetryStorage.sys.mjs:10:28
_checkPendingPings@resource://gre/modules/TelemetrySend.sys.mjs:859:17
setup@resource://gre/modules/TelemetrySend.sys.mjs:799:18
setup@resource://gre/modules/TelemetrySend.sys.mjs:237:30
setupTelemetry/this._delayedInitTask<@resource://gre/modules/TelemetryControllerParent.sys.mjs:824:36
observe@resource://gre/modules/AsyncShutdown.sys.mjs:576:16

WARNING: A blocker encountered an error while we were waiting.
          Blocker:  Waiting for ping task
          Phase: TelemetryController: Waiting for pending ping activity
          State: (none)
WARNING: Error: Phase "profile-before-change" is finished, it is too late to register completion condition "OS.File: flush I/O queued before profileBeforeChange"
WARNING: addBlocker@resource://gre/modules/AsyncShutdown.sys.mjs:727:15
addBlocker@resource://gre/modules/AsyncShutdown.sys.mjs:523:26
addBlocker@resource://gre/modules/AsyncShutdown.sys.mjs:458:15
setupShutdown@resource://gre/modules/osfile/osfile_async_front.jsm:1548:28
@resource://gre/modules/osfile/osfile_async_front.jsm:1568:16
@resource://gre/modules/osfile.jsm:12:30
@resource://gre/modules/TelemetryStorage.sys.mjs:10:28
_checkPendingPings@resource://gre/modules/TelemetrySend.sys.mjs:859:17
setup@resource://gre/modules/TelemetrySend.sys.mjs:799:18
setup@resource://gre/modules/TelemetrySend.sys.mjs:237:30
setupTelemetry/this._delayedInitTask<@resource://gre/modules/TelemetryControllerParent.sys.mjs:824:36
observe@resource://gre/modules/AsyncShutdown.sys.mjs:576:16

WARNING: A blocker encountered an error while we were waiting.
          Blocker:  TelemetryController: shutting down
          Phase: profile-before-change-telemetry
          State: Error getting state: Error: Phase "profile-before-change" is finished, it is too late to register completion condition "OS.File: flush I/O queued before profileBeforeChange" at addBlocker@resource://gre/modules/AsyncShutdown.sys.mjs:727:15
addBlocker@resource://gre/modules/AsyncShutdown.sys.mjs:523:26
addBlocker@resource://gre/modules/AsyncShutdown.sys.mjs:458:15
setupShutdown@resource://gre/modules/osfile/osfile_async_front.jsm:1548:28
@resource://gre/modules/osfile/osfile_async_front.jsm:1568:16
@resource://gre/modules/osfile.jsm:12:30
@resource://gre/modules/TelemetryStorage.sys.mjs:10:28
_checkPendingPings@resource://gre/modules/TelemetrySend.sys.mjs:859:17
setup@resource://gre/modules/TelemetrySend.sys.mjs:799:18
setup@resource://gre/modules/TelemetrySend.sys.mjs:237:30
setupTelemetry/this._delayedInitTask<@resource://gre/modules/TelemetryControllerParent.sys.mjs:824:36
observe@resource://gre/modules/AsyncShutdown.sys.mjs:576:16

WARNING: Error: Phase "profile-before-change" is finished, it is too late to register completion condition "OS.File: flush I/O queued before profileBeforeChange"
WARNING: addBlocker@resource://gre/modules/AsyncShutdown.sys.mjs:727:15
addBlocker@resource://gre/modules/AsyncShutdown.sys.mjs:523:26
addBlocker@resource://gre/modules/AsyncShutdown.sys.mjs:458:15
setupShutdown@resource://gre/modules/osfile/osfile_async_front.jsm:1548:28
@resource://gre/modules/osfile/osfile_async_front.jsm:1568:16
@resource://gre/modules/osfile.jsm:12:30
@resource://gre/modules/TelemetryStorage.sys.mjs:10:28
_checkPendingPings@resource://gre/modules/TelemetrySend.sys.mjs:859:17
setup@resource://gre/modules/TelemetrySend.sys.mjs:799:18
setup@resource://gre/modules/TelemetrySend.sys.mjs:237:30
setupTelemetry/this._delayedInitTask<@resource://gre/modules/TelemetryControllerParent.sys.mjs:824:36
observe@resource://gre/modules/AsyncShutdown.sys.mjs:576:16

JavaScript error: resource://gre/modules/AsyncShutdown.sys.mjs, line 727: Error: Phase "profile-before-change" is finished, it is too late to register completion condition "OS.File: flush I/O queued before profileBeforeChange"
JavaScript error: resource://gre/modules/AsyncShutdown.sys.mjs, line 727: Error: Phase "profile-before-change" is finished, it is too late to register completion condition "OS.File: flush I/O queued before profileBeforeChange"
JavaScript error: resource://gre/modules/AsyncShutdown.sys.mjs, line 727: Error: Phase "profile-before-change" is finished, it is too late to register completion condition "OS.File: flush I/O queued before profileBeforeChange"
JavaScript error: resource://gre/modules/AsyncShutdown.sys.mjs, line 727: Error: Phase "profile-before-change" is finished, it is too late to register completion condition "OS.File: flush I/O queued before profileBeforeChange"
JavaScript error: resource://gre/modules/AsyncShutdown.sys.mjs, line 727: Error: Phase "profile-before-change" is finished, it is too late to register completion condition "OS.File: flush I/O queued before profileBeforeChange"
JavaScript error: resource://gre/modules/AsyncShutdown.sys.mjs, line 727: Error: Phase "profile-before-change" is finished, it is too late to register completion condition "OS.File: flush I/O queued before profileBeforeChange"
1690102369090	geckodriver	INFO	Listening on 127.0.0.1:58137
1690102370092	mozrunner::runner	INFO	Running command: "/usr/bin/firefox" "--marionette" "-no-remote" "-profile" "/tmp/rust_mozprofileqtUird"
console.warn: services.settings: Ignoring preference override of remote settings server
console.warn: services.settings: Allow by setting MOZ_REMOTE_SETTINGS_DEVTOOLS=1 in the environment
1690102370513	Marionette	INFO	Marionette enabled
1690102370516	Marionette	INFO	Listening on port 46415
Read port: 46415
1690102370754	RemoteAgent	WARN	TLS certificate errors will be ignored for this session
console.error: ({})
[ERROR glean_core] Error setting metrics feature config: Json(Error("EOF while parsing a value", line: 1, column: 0))
console.warn: LoginRecipes: "Falling back to a synchronous message for: http://localhost:8080."
console.warn: LoginRecipes: "Falling back to a synchronous message for: http://localhost:8080."
console.error: "update.locale" " file doesn't exist in either the application or GRE directories"
[Child 8437, Main Thread] WARNING: JSWindowActorChild::SendRawMessage (Conduits, ConduitClosed) not sent: !CanSend() || !mManager || !mManager->CanSend(): file /build/firefox-AZpR68/firefox-113.0.2+build1/dom/ipc/jsactor/JSWindowActorChild.cpp:57
[Child 8437, Main Thread] WARNING: JSWindowActorChild::SendRawMessage (Conduits, ConduitClosed) not sent: !CanSend() || !mManager || !mManager->CanSend(): file /build/firefox-AZpR68/firefox-113.0.2+build1/dom/ipc/jsactor/JSWindowActorChild.cpp:57
[Child 8437, Main Thread] WARNING: JSWindowActorChild::SendRawMessage (Conduits, ConduitClosed) not sent: !CanSend() || !mManager || !mManager->CanSend(): file /build/firefox-AZpR68/firefox-113.0.2+build1/dom/ipc/jsactor/JSWindowActorChild.cpp:57
[Child 8437, Main Thread] WARNING: JSWindowActorChild::SendRawMessage (Conduits, ConduitClosed) not sent: !CanSend() || !mManager || !mManager->CanSend(): file /build/firefox-AZpR68/firefox-113.0.2+build1/dom/ipc/jsactor/JSWindowActorChild.cpp:57
[Child 8437, Main Thread] WARNING: JSWindowActorChild::SendRawMessage (Conduits, ConduitClosed) not sent: !CanSend() || !mManager || !mManager->CanSend(): file /build/firefox-AZpR68/firefox-113.0.2+build1/dom/ipc/jsactor/JSWindowActorChild.cpp:57
[Child 8437, Main Thread] WARNING: JSWindowActorChild::SendRawMessage (Conduits, ConduitClosed) not sent: !CanSend() || !mManager || !mManager->CanSend(): file /build/firefox-AZpR68/firefox-113.0.2+build1/dom/ipc/jsactor/JSWindowActorChild.cpp:57
[Child 8437, Main Thread] WARNING: JSWindowActorChild::SendRawMessage (Conduits, ConduitClosed) not sent: !CanSend() || !mManager || !mManager->CanSend(): file /build/firefox-AZpR68/firefox-113.0.2+build1/dom/ipc/jsactor/JSWindowActorChild.cpp:57
[Child 8437, Main Thread] WARNING: JSWindowActorChild::SendRawMessage (Conduits, ConduitClosed) not sent: !CanSend() || !mManager || !mManager->CanSend(): file /build/firefox-AZpR68/firefox-113.0.2+build1/dom/ipc/jsactor/JSWindowActorChild.cpp:57
[Child 8437, Main Thread] WARNING: JSWindowActorChild::SendRawMessage (Conduits, ConduitClosed) not sent: !CanSend() || !mManager || !mManager->CanSend(): file /build/firefox-AZpR68/firefox-113.0.2+build1/dom/ipc/jsactor/JSWindowActorChild.cpp:57
1690102458599	Marionette	INFO	Stopped listening on port 46415
JavaScript error: chrome://remote/content/marionette/cert.sys.mjs, line 51: NS_ERROR_NOT_AVAILABLE: Component returned failure code: 0x80040111 (NS_ERROR_NOT_AVAILABLE) [nsICertOverrideService.setDisableAllSecurityChecksAndLetAttackersInterceptMyData]
1690108033835	geckodriver	INFO	Listening on 127.0.0.1:52327
1690108034844	mozrunner::runner	INFO	Running command: "/usr/bin/firefox" "--marionette" "-no-remote" "-profile" "/tmp/rust_mozprofileRYiqYb"
console.warn: services.settings: Ignoring preference override of remote settings server
console.warn: services.settings: Allow by setting MOZ_REMOTE_SETTINGS_DEVTOOLS=1 in the environment
1690108035288	Marionette	INFO	Marionette enabled
1690108035291	Marionette	INFO	Listening on port 44191
Read port: 44191
1690108035387	RemoteAgent	WARN	TLS certificate errors will be ignored for this session
console.error: ({})
[ERROR glean_core] Error setting metrics feature config: Json(Error("EOF while parsing a value", line: 1, column: 0))
console.warn: LoginRecipes: "Falling back to a synchronous message for: http://localhost:8080."
console.warn: LoginRecipes: "Falling back to a synchronous message for: http://localhost:8080."
console.warn: LoginRecipes: "Falling back to a synchronous message for: http://localhost:8080."
console.error: "update.locale" " file doesn't exist in either the application or GRE directories"
[Child 4288, Main Thread] WARNING: JSWindowActorChild::SendRawMessage (Conduits, ConduitClosed) not sent: !CanSend() || !mManager || !mManager->CanSend(): file /build/firefox-AZpR68/firefox-113.0.2+build1/dom/ipc/jsactor/JSWindowActorChild.cpp:57
[Child 4288, Main Thread] WARNING: JSWindowActorChild::SendRawMessage (Conduits, ConduitClosed) not sent: !CanSend() || !mManager || !mManager->CanSend(): file /build/firefox-AZpR68/firefox-113.0.2+build1/dom/ipc/jsactor/JSWindowActorChild.cpp:57
[Child 4288, Main Thread] WARNING: JSWindowActorChild::SendRawMessage (Conduits, ConduitClosed) not sent: !CanSend() || !mManager || !mManager->CanSend(): file /build/firefox-AZpR68/firefox-113.0.2+build1/dom/ipc/jsactor/JSWindowActorChild.cpp:57
[Child 4288, Main Thread] WARNING: JSWindowActorChild::SendRawMessage (Conduits, ConduitClosed) not sent: !CanSend() || !mManager || !mManager->CanSend(): file /build/firefox-AZpR68/firefox-113.0.2+build1/dom/ipc/jsactor/JSWindowActorChild.cpp:57
[Child 4288, Main Thread] WARNING: JSWindowActorChild::SendRawMessage (Conduits, ConduitClosed) not sent: !CanSend() || !mManager || !mManager->CanSend(): file /build/firefox-AZpR68/firefox-113.0.2+build1/dom/ipc/jsactor/JSWindowActorChild.cpp:57
[Child 4288, Main Thread] WARNING: JSWindowActorChild::SendRawMessage (Conduits, ConduitClosed) not sent: !CanSend() || !mManager || !mManager->CanSend(): file /build/firefox-AZpR68/firefox-113.0.2+build1/dom/ipc/jsactor/JSWindowActorChild.cpp:57
[Child 4288, Main Thread] WARNING: JSWindowActorChild::SendRawMessage (Conduits, ConduitClosed) not sent: !CanSend() || !mManager || !mManager->CanSend(): file /build/firefox-AZpR68/firefox-113.0.2+build1/dom/ipc/jsactor/JSWindowActorChild.cpp:57
[Child 4288, Main Thread] WARNING: JSWindowActorChild::SendRawMessage (Conduits, ConduitClosed) not sent: !CanSend() || !mManager || !mManager->CanSend(): file /build/firefox-AZpR68/firefox-113.0.2+build1/dom/ipc/jsactor/JSWindowActorChild.cpp:57
[Child 4288, Main Thread] WARNING: JSWindowActorChild::SendRawMessage (Conduits, ConduitClosed) not sent: !CanSend() || !mManager || !mManager->CanSend(): file /build/firefox-AZpR68/firefox-113.0.2+build1/dom/ipc/jsactor/JSWindowActorChild.cpp:57
1690108085234	Marionette	INFO	Stopped listening on port 44191
JavaScript error: chrome://remote/content/marionette/cert.sys.mjs, line 51: NS_ERROR_NOT_AVAILABLE: Component returned failure code: 0x80040111 (NS_ERROR_NOT_AVAILABLE) [nsICertOverrideService.setDisableAllSecurityChecksAndLetAttackersInterceptMyData]
WARNING: A blocker encountered an error while we were waiting.
          Blocker:  Waiting for ping task
          Phase: TelemetryController: Waiting for pending ping activity
          State: (none)
WARNING: Error: Phase "profile-before-change" is finished, it is too late to register completion condition "OS.File: flush I/O queued before profileBeforeChange"
WARNING: addBlocker@resource://gre/modules/AsyncShutdown.sys.mjs:727:15
addBlocker@resource://gre/modules/AsyncShutdown.sys.mjs:523:26
addBlocker@resource://gre/modules/AsyncShutdown.sys.mjs:458:15
setupShutdown@resource://gre/modules/osfile/osfile_async_front.jsm:1548:28
@resource://gre/modules/osfile/osfile_async_front.jsm:1568:16
@resource://gre/modules/osfile.jsm:12:30
@resource://gre/modules/TelemetryStorage.sys.mjs:10:28
_checkPendingPings@resource://gre/modules/TelemetrySend.sys.mjs:859:17
setup@resource://gre/modules/TelemetrySend.sys.mjs:799:18
setup@resource://gre/modules/TelemetrySend.sys.mjs:237:30
setupTelemetry/this._delayedInitTask<@resource://gre/modules/TelemetryControllerParent.sys.mjs:824:36
observe@resource://gre/modules/AsyncShutdown.sys.mjs:576:16

console.error: "TelemetryScheduler.shutdown - Already shut down"
WARNING: A blocker encountered an error while we were waiting.
          Blocker:  Waiting for ping task
          Phase: TelemetryController: Waiting for pending ping activity
          State: (none)
WARNING: Error: Phase "profile-before-change" is finished, it is too late to register completion condition "OS.File: flush I/O queued before profileBeforeChange"
WARNING: addBlocker@resource://gre/modules/AsyncShutdown.sys.mjs:727:15
addBlocker@resource://gre/modules/AsyncShutdown.sys.mjs:523:26
addBlocker@resource://gre/modules/AsyncShutdown.sys.mjs:458:15
setupShutdown@resource://gre/modules/osfile/osfile_async_front.jsm:1548:28
@resource://gre/modules/osfile/osfile_async_front.jsm:1568:16
@resource://gre/modules/osfile.jsm:12:30
@resource://gre/modules/TelemetryStorage.sys.mjs:10:28
_checkPendingPings@resource://gre/modules/TelemetrySend.sys.mjs:859:17
setup@resource://gre/modules/TelemetrySend.sys.mjs:799:18
setup@resource://gre/modules/TelemetrySend.sys.mjs:237:30
setupTelemetry/this._delayedInitTask<@resource://gre/modules/TelemetryControllerParent.sys.mjs:824:36
observe@resource://gre/modules/AsyncShutdown.sys.mjs:576:16

WARNING: A blocker encountered an error while we were waiting.
          Blocker:  Waiting for ping task
          Phase: TelemetryController: Waiting for pending ping activity
          State: (none)
WARNING: Error: Phase "profile-before-change" is finished, it is too late to register completion condition "OS.File: flush I/O queued before profileBeforeChange"
WARNING: addBlocker@resource://gre/modules/AsyncShutdown.sys.mjs:727:15
addBlocker@resource://gre/modules/AsyncShutdown.sys.mjs:523:26
addBlocker@resource://gre/modules/AsyncShutdown.sys.mjs:458:15
setupShutdown@resource://gre/modules/osfile/osfile_async_front.jsm:1548:28
@resource://gre/modules/osfile/osfile_async_front.jsm:1568:16
@resource://gre/modules/osfile.jsm:12:30
@resource://gre/modules/TelemetryStorage.sys.mjs:10:28
_checkPendingPings@resource://gre/modules/TelemetrySend.sys.mjs:859:17
setup@resource://gre/modules/TelemetrySend.sys.mjs:799:18
setup@resource://gre/modules/TelemetrySend.sys.mjs:237:30
setupTelemetry/this._delayedInitTask<@resource://gre/modules/TelemetryControllerParent.sys.mjs:824:36
observe@resource://gre/modules/AsyncShutdown.sys.mjs:576:16

WARNING: A blocker encountered an error while we were waiting.
          Blocker:  TelemetryController: shutting down
          Phase: profile-before-change-telemetry
          State: Error getting state: Error: Phase "profile-before-change" is finished, it is too late to register completion condition "OS.File: flush I/O queued before profileBeforeChange" at addBlocker@resource://gre/modules/AsyncShutdown.sys.mjs:727:15
addBlocker@resource://gre/modules/AsyncShutdown.sys.mjs:523:26
addBlocker@resource://gre/modules/AsyncShutdown.sys.mjs:458:15
setupShutdown@resource://gre/modules/osfile/osfile_async_front.jsm:1548:28
@resource://gre/modules/osfile/osfile_async_front.jsm:1568:16
@resource://gre/modules/osfile.jsm:12:30
@resource://gre/modules/TelemetryStorage.sys.mjs:10:28
_checkPendingPings@resource://gre/modules/TelemetrySend.sys.mjs:859:17
setup@resource://gre/modules/TelemetrySend.sys.mjs:799:18
setup@resource://gre/modules/TelemetrySend.sys.mjs:237:30
setupTelemetry/this._delayedInitTask<@resource://gre/modules/TelemetryControllerParent.sys.mjs:824:36
observe@resource://gre/modules/AsyncShutdown.sys.mjs:576:16

WARNING: Error: Phase "profile-before-change" is finished, it is too late to register completion condition "OS.File: flush I/O queued before profileBeforeChange"
WARNING: addBlocker@resource://gre/modules/AsyncShutdown.sys.mjs:727:15
addBlocker@resource://gre/modules/AsyncShutdown.sys.mjs:523:26
addBlocker@resource://gre/modules/AsyncShutdown.sys.mjs:458:15
setupShutdown@resource://gre/modules/osfile/osfile_async_front.jsm:1548:28
@resource://gre/modules/osfile/osfile_async_front.jsm:1568:16
@resource://gre/modules/osfile.jsm:12:30
@resource://gre/modules/TelemetryStorage.sys.mjs:10:28
_checkPendingPings@resource://gre/modules/TelemetrySend.sys.mjs:859:17
setup@resource://gre/modules/TelemetrySend.sys.mjs:799:18
setup@resource://gre/modules/TelemetrySend.sys.mjs:237:30
setupTelemetry/this._delayedInitTask<@resource://gre/modules/TelemetryControllerParent.sys.mjs:824:36
observe@resource://gre/modules/AsyncShutdown.sys.mjs:576:16

JavaScript error: resource://gre/modules/AsyncShutdown.sys.mjs, line 727: Error: Phase "profile-before-change" is finished, it is too late to register completion condition "OS.File: flush I/O queued before profileBeforeChange"
JavaScript error: resource://gre/modules/AsyncShutdown.sys.mjs, line 727: Error: Phase "profile-before-change" is finished, it is too late to register completion condition "OS.File: flush I/O queued before profileBeforeChange"
JavaScript error: resource://gre/modules/AsyncShutdown.sys.mjs, line 727: Error: Phase "profile-before-change" is finished, it is too late to register completion condition "OS.File: flush I/O queued before profileBeforeChange"
JavaScript error: resource://gre/modules/AsyncShutdown.sys.mjs, line 727: Error: Phase "profile-before-change" is finished, it is too late to register completion condition "OS.File: flush I/O queued before profileBeforeChange"
JavaScript error: resource://gre/modules/AsyncShutdown.sys.mjs, line 727: Error: Phase "profile-before-change" is finished, it is too late to register completion condition "OS.File: flush I/O queued before profileBeforeChange"
JavaScript error: resource://gre/modules/AsyncShutdown.sys.mjs, line 727: Error: Phase "profile-before-change" is finished, it is too late to register completion condition "OS.File: flush I/O queued before profileBeforeChange"
1690108097904	geckodriver	INFO	Listening on 127.0.0.1:45697
1690108098915	mozrunner::runner	INFO	Running command: "/usr/bin/firefox" "--marionette" "-no-remote" "-profile" "/tmp/rust_mozprofileQXN2fe"
console.warn: services.settings: Ignoring preference override of remote settings server
console.warn: services.settings: Allow by setting MOZ_REMOTE_SETTINGS_DEVTOOLS=1 in the environment
1690108099241	Marionette	INFO	Marionette enabled
1690108099243	Marionette	INFO	Listening on port 42565
Read port: 42565
1690108099392	RemoteAgent	WARN	TLS certificate errors will be ignored for this session
console.error: ({})
[ERROR glean_core] Error setting metrics feature config: Json(Error("EOF while parsing a value", line: 1, column: 0))
console.warn: LoginRecipes: "Falling back to a synchronous message for: http://localhost:8080."
console.warn: LoginRecipes: "Falling back to a synchronous message for: http://localhost:8080."
console.warn: LoginRecipes: "Falling back to a synchronous message for: http://localhost:8080."
console.error: "update.locale" " file doesn't exist in either the application or GRE directories"
[Child 4952, Main Thread] WARNING: JSWindowActorChild::SendRawMessage (Conduits, ConduitClosed) not sent: !CanSend() || !mManager || !mManager->CanSend(): file /build/firefox-AZpR68/firefox-113.0.2+build1/dom/ipc/jsactor/JSWindowActorChild.cpp:57
[Child 4952, Main Thread] WARNING: JSWindowActorChild::SendRawMessage (Conduits, ConduitClosed) not sent: !CanSend() || !mManager || !mManager->CanSend(): file /build/firefox-AZpR68/firefox-113.0.2+build1/dom/ipc/jsactor/JSWindowActorChild.cpp:57
[Child 4952, Main Thread] WARNING: JSWindowActorChild::SendRawMessage (Conduits, ConduitClosed) not sent: !CanSend() || !mManager || !mManager->CanSend(): file /build/firefox-AZpR68/firefox-113.0.2+build1/dom/ipc/jsactor/JSWindowActorChild.cpp:57
[Child 4952, Main Thread] WARNING: JSWindowActorChild::SendRawMessage (Conduits, ConduitClosed) not sent: !CanSend() || !mManager || !mManager->CanSend(): file /build/firefox-AZpR68/firefox-113.0.2+build1/dom/ipc/jsactor/JSWindowActorChild.cpp:57
[Child 4952, Main Thread] WARNING: JSWindowActorChild::SendRawMessage (Conduits, ConduitClosed) not sent: !CanSend() || !mManager || !mManager->CanSend(): file /build/firefox-AZpR68/firefox-113.0.2+build1/dom/ipc/jsactor/JSWindowActorChild.cpp:57
[Child 4952, Main Thread] WARNING: JSWindowActorChild::SendRawMessage (Conduits, ConduitClosed) not sent: !CanSend() || !mManager || !mManager->CanSend(): file /build/firefox-AZpR68/firefox-113.0.2+build1/dom/ipc/jsactor/JSWindowActorChild.cpp:57
[Child 4952, Main Thread] WARNING: JSWindowActorChild::SendRawMessage (Conduits, ConduitClosed) not sent: !CanSend() || !mManager || !mManager->CanSend(): file /build/firefox-AZpR68/firefox-113.0.2+build1/dom/ipc/jsactor/JSWindowActorChild.cpp:57
[Child 4952, Main Thread] WARNING: JSWindowActorChild::SendRawMessage (Conduits, ConduitClosed) not sent: !CanSend() || !mManager || !mManager->CanSend(): file /build/firefox-AZpR68/firefox-113.0.2+build1/dom/ipc/jsactor/JSWindowActorChild.cpp:57
[Child 4952, Main Thread] WARNING: JSWindowActorChild::SendRawMessage (Conduits, ConduitClosed) not sent: !CanSend() || !mManager || !mManager->CanSend(): file /build/firefox-AZpR68/firefox-113.0.2+build1/dom/ipc/jsactor/JSWindowActorChild.cpp:57
1690108184855	Marionette	INFO	Stopped listening on port 42565
JavaScript error: chrome://remote/content/marionette/cert.sys.mjs, line 51: NS_ERROR_NOT_AVAILABLE: Component returned failure code: 0x80040111 (NS_ERROR_NOT_AVAILABLE) [nsICertOverrideService.setDisableAllSecurityChecksAndLetAttackersInterceptMyData]
1690108196420	geckodriver	INFO	Listening on 127.0.0.1:50035
1690108197431	mozrunner::runner	INFO	Running command: "/usr/bin/firefox" "--marionette" "-no-remote" "-profile" "/tmp/rust_mozprofilegFEdrQ"
console.warn: services.settings: Ignoring preference override of remote settings server
console.warn: services.settings: Allow by setting MOZ_REMOTE_SETTINGS_DEVTOOLS=1 in the environment
1690108197797	Marionette	INFO	Marionette enabled
1690108197801	Marionette	INFO	Listening on port 33351
Read port: 33351
1690108197881	RemoteAgent	WARN	TLS certificate errors will be ignored for this session
console.error: ({})
[ERROR glean_core] Error setting metrics feature config: Json(Error("EOF while parsing a value", line: 1, column: 0))
console.warn: LoginRecipes: "Falling back to a synchronous message for: http://localhost:8080."
console.warn: LoginRecipes: "Falling back to a synchronous message for: http://localhost:8080."
console.error: "update.locale" " file doesn't exist in either the application or GRE directories"
console.warn: LoginRecipes: "Falling back to a synchronous message for: http://localhost:8080."
[Child 5886, Main Thread] WARNING: JSWindowActorChild::SendRawMessage (Conduits, ConduitClosed) not sent: !CanSend() || !mManager || !mManager->CanSend(): file /build/firefox-AZpR68/firefox-113.0.2+build1/dom/ipc/jsactor/JSWindowActorChild.cpp:57
[Child 5886, Main Thread] WARNING: JSWindowActorChild::SendRawMessage (Conduits, ConduitClosed) not sent: !CanSend() || !mManager || !mManager->CanSend(): file /build/firefox-AZpR68/firefox-113.0.2+build1/dom/ipc/jsactor/JSWindowActorChild.cpp:57
[Child 5886, Main Thread] WARNING: JSWindowActorChild::SendRawMessage (Conduits, ConduitClosed) not sent: !CanSend() || !mManager || !mManager->CanSend(): file /build/firefox-AZpR68/firefox-113.0.2+build1/dom/ipc/jsactor/JSWindowActorChild.cpp:57
[Child 5886, Main Thread] WARNING: JSWindowActorChild::SendRawMessage (Conduits, ConduitClosed) not sent: !CanSend() || !mManager || !mManager->CanSend(): file /build/firefox-AZpR68/firefox-113.0.2+build1/dom/ipc/jsactor/JSWindowActorChild.cpp:57
[Child 5886, Main Thread] WARNING: JSWindowActorChild::SendRawMessage (Conduits, ConduitClosed) not sent: !CanSend() || !mManager || !mManager->CanSend(): file /build/firefox-AZpR68/firefox-113.0.2+build1/dom/ipc/jsactor/JSWindowActorChild.cpp:57
[Child 5886, Main Thread] WARNING: JSWindowActorChild::SendRawMessage (Conduits, ConduitClosed) not sent: !CanSend() || !mManager || !mManager->CanSend(): file /build/firefox-AZpR68/firefox-113.0.2+build1/dom/ipc/jsactor/JSWindowActorChild.cpp:57
[Child 5886, Main Thread] WARNING: JSWindowActorChild::SendRawMessage (Conduits, ConduitClosed) not sent: !CanSend() || !mManager || !mManager->CanSend(): file /build/firefox-AZpR68/firefox-113.0.2+build1/dom/ipc/jsactor/JSWindowActorChild.cpp:57
[Child 5886, Main Thread] WARNING: JSWindowActorChild::SendRawMessage (Conduits, ConduitClosed) not sent: !CanSend() || !mManager || !mManager->CanSend(): file /build/firefox-AZpR68/firefox-113.0.2+build1/dom/ipc/jsactor/JSWindowActorChild.cpp:57
[Child 5886, Main Thread] WARNING: JSWindowActorChild::SendRawMessage (Conduits, ConduitClosed) not sent: !CanSend() || !mManager || !mManager->CanSend(): file /build/firefox-AZpR68/firefox-113.0.2+build1/dom/ipc/jsactor/JSWindowActorChild.cpp:57
1690108337653	Marionette	INFO	Stopped listening on port 33351
JavaScript error: chrome://remote/content/marionette/cert.sys.mjs, line 51: NS_ERROR_NOT_AVAILABLE: Component returned failure code: 0x80040111 (NS_ERROR_NOT_AVAILABLE) [nsICertOverrideService.setDisableAllSecurityChecksAndLetAttackersInterceptMyData]
1690108601547	geckodriver	INFO	Listening on 127.0.0.1:36429
1690108602559	mozrunner::runner	INFO	Running command: "/usr/bin/firefox" "--marionette" "-no-remote" "-profile" "/tmp/rust_mozprofileVHQWT0"
console.warn: services.settings: Ignoring preference override of remote settings server
console.warn: services.settings: Allow by setting MOZ_REMOTE_SETTINGS_DEVTOOLS=1 in the environment
1690108602908	Marionette	INFO	Marionette enabled
1690108602911	Marionette	INFO	Listening on port 33919
Read port: 33919
1690108603002	RemoteAgent	WARN	TLS certificate errors will be ignored for this session
console.error: ({})
[ERROR glean_core] Error setting metrics feature config: Json(Error("EOF while parsing a value", line: 1, column: 0))
console.warn: LoginRecipes: "Falling back to a synchronous message for: http://localhost:8080."
console.warn: LoginRecipes: "Falling back to a synchronous message for: http://localhost:8080."
console.warn: LoginRecipes: "Falling back to a synchronous message for: http://localhost:8080."
console.error: "update.locale" " file doesn't exist in either the application or GRE directories"
console.warn: LoginRecipes: "Falling back to a synchronous message for: http://localhost:8080."
[Child 7202, Main Thread] WARNING: JSWindowActorChild::SendRawMessage (Conduits, ConduitClosed) not sent: !CanSend() || !mManager || !mManager->CanSend(): file /build/firefox-AZpR68/firefox-113.0.2+build1/dom/ipc/jsactor/JSWindowActorChild.cpp:57
[Child 7202, Main Thread] WARNING: JSWindowActorChild::SendRawMessage (Conduits, ConduitClosed) not sent: !CanSend() || !mManager || !mManager->CanSend(): file /build/firefox-AZpR68/firefox-113.0.2+build1/dom/ipc/jsactor/JSWindowActorChild.cpp:57
[Child 7202, Main Thread] WARNING: JSWindowActorChild::SendRawMessage (Conduits, ConduitClosed) not sent: !CanSend() || !mManager || !mManager->CanSend(): file /build/firefox-AZpR68/firefox-113.0.2+build1/dom/ipc/jsactor/JSWindowActorChild.cpp:57
[Child 7202, Main Thread] WARNING: JSWindowActorChild::SendRawMessage (Conduits, ConduitClosed) not sent: !CanSend() || !mManager || !mManager->CanSend(): file /build/firefox-AZpR68/firefox-113.0.2+build1/dom/ipc/jsactor/JSWindowActorChild.cpp:57
[Child 7202, Main Thread] WARNING: JSWindowActorChild::SendRawMessage (Conduits, ConduitClosed) not sent: !CanSend() || !mManager || !mManager->CanSend(): file /build/firefox-AZpR68/firefox-113.0.2+build1/dom/ipc/jsactor/JSWindowActorChild.cpp:57
[Child 7202, Main Thread] WARNING: JSWindowActorChild::SendRawMessage (Conduits, ConduitClosed) not sent: !CanSend() || !mManager || !mManager->CanSend(): file /build/firefox-AZpR68/firefox-113.0.2+build1/dom/ipc/jsactor/JSWindowActorChild.cpp:57
[Child 7202, Main Thread] WARNING: JSWindowActorChild::SendRawMessage (Conduits, ConduitClosed) not sent: !CanSend() || !mManager || !mManager->CanSend(): file /build/firefox-AZpR68/firefox-113.0.2+build1/dom/ipc/jsactor/JSWindowActorChild.cpp:57
[Child 7202, Main Thread] WARNING: JSWindowActorChild::SendRawMessage (Conduits, ConduitClosed) not sent: !CanSend() || !mManager || !mManager->CanSend(): file /build/firefox-AZpR68/firefox-113.0.2+build1/dom/ipc/jsactor/JSWindowActorChild.cpp:57
[Child 7202, Main Thread] WARNING: JSWindowActorChild::SendRawMessage (Conduits, ConduitClosed) not sent: !CanSend() || !mManager || !mManager->CanSend(): file /build/firefox-AZpR68/firefox-113.0.2+build1/dom/ipc/jsactor/JSWindowActorChild.cpp:57
1690109210300	Marionette	INFO	Stopped listening on port 33919
JavaScript error: chrome://remote/content/marionette/cert.sys.mjs, line 51: NS_ERROR_NOT_AVAILABLE: Component returned failure code: 0x80040111 (NS_ERROR_NOT_AVAILABLE) [nsICertOverrideService.setDisableAllSecurityChecksAndLetAttackersInterceptMyData]
1690109228240	geckodriver	INFO	Listening on 127.0.0.1:46967
1690109229252	mozrunner::runner	INFO	Running command: "/usr/bin/firefox" "--marionette" "-no-remote" "-profile" "/tmp/rust_mozprofileL7ItUv"
console.warn: services.settings: Ignoring preference override of remote settings server
console.warn: services.settings: Allow by setting MOZ_REMOTE_SETTINGS_DEVTOOLS=1 in the environment
1690109229627	Marionette	INFO	Marionette enabled
1690109229630	Marionette	INFO	Listening on port 33765
Read port: 33765
1690109229705	RemoteAgent	WARN	TLS certificate errors will be ignored for this session
console.error: ({})
[ERROR glean_core] Error setting metrics feature config: Json(Error("EOF while parsing a value", line: 1, column: 0))
console.warn: LoginRecipes: "Falling back to a synchronous message for: http://localhost:8080."
console.warn: LoginRecipes: "Falling back to a synchronous message for: http://localhost:8080."
console.error: "update.locale" " file doesn't exist in either the application or GRE directories"
[Child 9666, Main Thread] WARNING: JSWindowActorChild::SendRawMessage (Conduits, ConduitClosed) not sent: !CanSend() || !mManager || !mManager->CanSend(): file /build/firefox-AZpR68/firefox-113.0.2+build1/dom/ipc/jsactor/JSWindowActorChild.cpp:57
[Child 9666, Main Thread] WARNING: JSWindowActorChild::SendRawMessage (Conduits, ConduitClosed) not sent: !CanSend() || !mManager || !mManager->CanSend(): file /build/firefox-AZpR68/firefox-113.0.2+build1/dom/ipc/jsactor/JSWindowActorChild.cpp:57
[Child 9666, Main Thread] WARNING: JSWindowActorChild::SendRawMessage (Conduits, ConduitClosed) not sent: !CanSend() || !mManager || !mManager->CanSend(): file /build/firefox-AZpR68/firefox-113.0.2+build1/dom/ipc/jsactor/JSWindowActorChild.cpp:57
[Child 9666, Main Thread] WARNING: JSWindowActorChild::SendRawMessage (Conduits, ConduitClosed) not sent: !CanSend() || !mManager || !mManager->CanSend(): file /build/firefox-AZpR68/firefox-113.0.2+build1/dom/ipc/jsactor/JSWindowActorChild.cpp:57
[Child 9666, Main Thread] WARNING: JSWindowActorChild::SendRawMessage (Conduits, ConduitClosed) not sent: !CanSend() || !mManager || !mManager->CanSend(): file /build/firefox-AZpR68/firefox-113.0.2+build1/dom/ipc/jsactor/JSWindowActorChild.cpp:57
[Child 9666, Main Thread] WARNING: JSWindowActorChild::SendRawMessage (Conduits, ConduitClosed) not sent: !CanSend() || !mManager || !mManager->CanSend(): file /build/firefox-AZpR68/firefox-113.0.2+build1/dom/ipc/jsactor/JSWindowActorChild.cpp:57
[Child 9666, Main Thread] WARNING: JSWindowActorChild::SendRawMessage (Conduits, ConduitClosed) not sent: !CanSend() || !mManager || !mManager->CanSend(): file /build/firefox-AZpR68/firefox-113.0.2+build1/dom/ipc/jsactor/JSWindowActorChild.cpp:57
[Child 9666, Main Thread] WARNING: JSWindowActorChild::SendRawMessage (Conduits, ConduitClosed) not sent: !CanSend() || !mManager || !mManager->CanSend(): file /build/firefox-AZpR68/firefox-113.0.2+build1/dom/ipc/jsactor/JSWindowActorChild.cpp:57
[Child 9666, Main Thread] WARNING: JSWindowActorChild::SendRawMessage (Conduits, ConduitClosed) not sent: !CanSend() || !mManager || !mManager->CanSend(): file /build/firefox-AZpR68/firefox-113.0.2+build1/dom/ipc/jsactor/JSWindowActorChild.cpp:57
1690110323422	Marionette	INFO	Stopped listening on port 33765
JavaScript error: chrome://remote/content/marionette/cert.sys.mjs, line 51: NS_ERROR_NOT_AVAILABLE: Component returned failure code: 0x80040111 (NS_ERROR_NOT_AVAILABLE) [nsICertOverrideService.setDisableAllSecurityChecksAndLetAttackersInterceptMyData]
1690110336278	geckodriver	INFO	Listening on 127.0.0.1:35661
1690110337289	mozrunner::runner	INFO	Running command: "/usr/bin/firefox" "--marionette" "-no-remote" "-profile" "/tmp/rust_mozprofileejL8jO"
console.warn: services.settings: Ignoring preference override of remote settings server
console.warn: services.settings: Allow by setting MOZ_REMOTE_SETTINGS_DEVTOOLS=1 in the environment
1690110337632	Marionette	INFO	Marionette enabled
1690110337634	Marionette	INFO	Listening on port 39919
Read port: 39919
1690110337768	RemoteAgent	WARN	TLS certificate errors will be ignored for this session
console.error: ({})
[ERROR glean_core] Error setting metrics feature config: Json(Error("EOF while parsing a value", line: 1, column: 0))
console.warn: LoginRecipes: "Falling back to a synchronous message for: http://localhost:8080."
console.warn: LoginRecipes: "Falling back to a synchronous message for: http://localhost:8080."
console.warn: LoginRecipes: "Falling back to a synchronous message for: http://localhost:8080."
console.error: "update.locale" " file doesn't exist in either the application or GRE directories"
[Child 13179, Main Thread] WARNING: JSWindowActorChild::SendRawMessage (Conduits, ConduitClosed) not sent: !CanSend() || !mManager || !mManager->CanSend(): file /build/firefox-AZpR68/firefox-113.0.2+build1/dom/ipc/jsactor/JSWindowActorChild.cpp:57
[Child 13179, Main Thread] WARNING: JSWindowActorChild::SendRawMessage (Conduits, ConduitClosed) not sent: !CanSend() || !mManager || !mManager->CanSend(): file /build/firefox-AZpR68/firefox-113.0.2+build1/dom/ipc/jsactor/JSWindowActorChild.cpp:57
[Child 13179, Main Thread] WARNING: JSWindowActorChild::SendRawMessage (Conduits, ConduitClosed) not sent: !CanSend() || !mManager || !mManager->CanSend(): file /build/firefox-AZpR68/firefox-113.0.2+build1/dom/ipc/jsactor/JSWindowActorChild.cpp:57
[Child 13179, Main Thread] WARNING: JSWindowActorChild::SendRawMessage (Conduits, ConduitClosed) not sent: !CanSend() || !mManager || !mManager->CanSend(): file /build/firefox-AZpR68/firefox-113.0.2+build1/dom/ipc/jsactor/JSWindowActorChild.cpp:57
[Child 13179, Main Thread] WARNING: JSWindowActorChild::SendRawMessage (Conduits, ConduitClosed) not sent: !CanSend() || !mManager || !mManager->CanSend(): file /build/firefox-AZpR68/firefox-113.0.2+build1/dom/ipc/jsactor/JSWindowActorChild.cpp:57
[Child 13179, Main Thread] WARNING: JSWindowActorChild::SendRawMessage (Conduits, ConduitClosed) not sent: !CanSend() || !mManager || !mManager->CanSend(): file /build/firefox-AZpR68/firefox-113.0.2+build1/dom/ipc/jsactor/JSWindowActorChild.cpp:57
[Child 13179, Main Thread] WARNING: JSWindowActorChild::SendRawMessage (Conduits, ConduitClosed) not sent: !CanSend() || !mManager || !mManager->CanSend(): file /build/firefox-AZpR68/firefox-113.0.2+build1/dom/ipc/jsactor/JSWindowActorChild.cpp:57
1690110497222	Marionette	INFO	Stopped listening on port 39919
[Child 13179, Main Thread] WARNING: JSWindowActorChild::SendRawMessage (Conduits, ConduitClosed) not sent: !CanSend() || !mManager || !mManager->CanSend(): file /build/firefox-AZpR68/firefox-113.0.2+build1/dom/ipc/jsactor/JSWindowActorChild.cpp:57
[Child 13179, Main Thread] WARNING: JSWindowActorChild::SendRawMessage (Conduits, ConduitClosed) not sent: !CanSend() || !mManager || !mManager->CanSend(): file /build/firefox-AZpR68/firefox-113.0.2+build1/dom/ipc/jsactor/JSWindowActorChild.cpp:57
JavaScript error: chrome://remote/content/marionette/cert.sys.mjs, line 51: NS_ERROR_NOT_AVAILABLE: Component returned failure code: 0x80040111 (NS_ERROR_NOT_AVAILABLE) [nsICertOverrideService.setDisableAllSecurityChecksAndLetAttackersInterceptMyData]
1690110508290	geckodriver	INFO	Listening on 127.0.0.1:48775
1690110509294	mozrunner::runner	INFO	Running command: "/usr/bin/firefox" "--marionette" "-no-remote" "-profile" "/tmp/rust_mozprofile2WYP8a"
console.warn: services.settings: Ignoring preference override of remote settings server
console.warn: services.settings: Allow by setting MOZ_REMOTE_SETTINGS_DEVTOOLS=1 in the environment
1690110509614	Marionette	INFO	Marionette enabled
1690110509617	Marionette	INFO	Listening on port 45695
Read port: 45695
1690110509809	RemoteAgent	WARN	TLS certificate errors will be ignored for this session
console.error: ({})
[ERROR glean_core] Error setting metrics feature config: Json(Error("EOF while parsing a value", line: 1, column: 0))
console.warn: LoginRecipes: "Falling back to a synchronous message for: http://localhost:8080."
console.warn: LoginRecipes: "Falling back to a synchronous message for: http://localhost:8080."
console.warn: LoginRecipes: "Falling back to a synchronous message for: http://localhost:8080."
console.error: "update.locale" " file doesn't exist in either the application or GRE directories"
[Child 14112, Main Thread] WARNING: JSWindowActorChild::SendRawMessage (Conduits, ConduitClosed) not sent: !CanSend() || !mManager || !mManager->CanSend(): file /build/firefox-AZpR68/firefox-113.0.2+build1/dom/ipc/jsactor/JSWindowActorChild.cpp:57
[Child 14112, Main Thread] WARNING: JSWindowActorChild::SendRawMessage (Conduits, ConduitClosed) not sent: !CanSend() || !mManager || !mManager->CanSend(): file /build/firefox-AZpR68/firefox-113.0.2+build1/dom/ipc/jsactor/JSWindowActorChild.cpp:57
[Child 14112, Main Thread] WARNING: JSWindowActorChild::SendRawMessage (Conduits, ConduitClosed) not sent: !CanSend() || !mManager || !mManager->CanSend(): file /build/firefox-AZpR68/firefox-113.0.2+build1/dom/ipc/jsactor/JSWindowActorChild.cpp:57
[Child 14112, Main Thread] WARNING: JSWindowActorChild::SendRawMessage (Conduits, ConduitClosed) not sent: !CanSend() || !mManager || !mManager->CanSend(): file /build/firefox-AZpR68/firefox-113.0.2+build1/dom/ipc/jsactor/JSWindowActorChild.cpp:57
[Child 14112, Main Thread] WARNING: JSWindowActorChild::SendRawMessage (Conduits, ConduitClosed) not sent: !CanSend() || !mManager || !mManager->CanSend(): file /build/firefox-AZpR68/firefox-113.0.2+build1/dom/ipc/jsactor/JSWindowActorChild.cpp:57
[Child 14112, Main Thread] WARNING: JSWindowActorChild::SendRawMessage (Conduits, ConduitClosed) not sent: !CanSend() || !mManager || !mManager->CanSend(): file /build/firefox-AZpR68/firefox-113.0.2+build1/dom/ipc/jsactor/JSWindowActorChild.cpp:57
[Child 14112, Main Thread] WARNING: JSWindowActorChild::SendRawMessage (Conduits, ConduitClosed) not sent: !CanSend() || !mManager || !mManager->CanSend(): file /build/firefox-AZpR68/firefox-113.0.2+build1/dom/ipc/jsactor/JSWindowActorChild.cpp:57
[Child 14112, Main Thread] WARNING: JSWindowActorChild::SendRawMessage (Conduits, ConduitClosed) not sent: !CanSend() || !mManager || !mManager->CanSend(): file /build/firefox-AZpR68/firefox-113.0.2+build1/dom/ipc/jsactor/JSWindowActorChild.cpp:57
[Child 14112, Main Thread] WARNING: JSWindowActorChild::SendRawMessage (Conduits, ConduitClosed) not sent: !CanSend() || !mManager || !mManager->CanSend(): file /build/firefox-AZpR68/firefox-113.0.2+build1/dom/ipc/jsactor/JSWindowActorChild.cpp:57
1690110607816	Marionette	INFO	Stopped listening on port 45695
JavaScript error: chrome://remote/content/marionette/cert.sys.mjs, line 51: NS_ERROR_NOT_AVAILABLE: Component returned failure code: 0x80040111 (NS_ERROR_NOT_AVAILABLE) [nsICertOverrideService.setDisableAllSecurityChecksAndLetAttackersInterceptMyData]
1690110618442	geckodriver	INFO	Listening on 127.0.0.1:54837
1690110619455	mozrunner::runner	INFO	Running command: "/usr/bin/firefox" "--marionette" "-no-remote" "-profile" "/tmp/rust_mozprofilepU4Num"
console.warn: services.settings: Ignoring preference override of remote settings server
console.warn: services.settings: Allow by setting MOZ_REMOTE_SETTINGS_DEVTOOLS=1 in the environment
1690110619810	Marionette	INFO	Marionette enabled
1690110619812	Marionette	INFO	Listening on port 35023
Read port: 35023
1690110619901	RemoteAgent	WARN	TLS certificate errors will be ignored for this session
console.error: ({})
[ERROR glean_core] Error setting metrics feature config: Json(Error("EOF while parsing a value", line: 1, column: 0))
console.warn: LoginRecipes: "Falling back to a synchronous message for: http://localhost:8080."
console.warn: LoginRecipes: "Falling back to a synchronous message for: http://localhost:8080."
console.warn: LoginRecipes: "Falling back to a synchronous message for: http://localhost:8080."
console.error: "update.locale" " file doesn't exist in either the application or GRE directories"
[Child 15090, Main Thread] WARNING: JSWindowActorChild::SendRawMessage (Conduits, ConduitClosed) not sent: !CanSend() || !mManager || !mManager->CanSend(): file /build/firefox-AZpR68/firefox-113.0.2+build1/dom/ipc/jsactor/JSWindowActorChild.cpp:57
[Child 15090, Main Thread] WARNING: JSWindowActorChild::SendRawMessage (Conduits, ConduitClosed) not sent: !CanSend() || !mManager || !mManager->CanSend(): file /build/firefox-AZpR68/firefox-113.0.2+build1/dom/ipc/jsactor/JSWindowActorChild.cpp:57
[Child 15090, Main Thread] WARNING: JSWindowActorChild::SendRawMessage (Conduits, ConduitClosed) not sent: !CanSend() || !mManager || !mManager->CanSend(): file /build/firefox-AZpR68/firefox-113.0.2+build1/dom/ipc/jsactor/JSWindowActorChild.cpp:57
[Child 15090, Main Thread] WARNING: JSWindowActorChild::SendRawMessage (Conduits, ConduitClosed) not sent: !CanSend() || !mManager || !mManager->CanSend(): file /build/firefox-AZpR68/firefox-113.0.2+build1/dom/ipc/jsactor/JSWindowActorChild.cpp:57
[Child 15090, Main Thread] WARNING: JSWindowActorChild::SendRawMessage (Conduits, ConduitClosed) not sent: !CanSend() || !mManager || !mManager->CanSend(): file /build/firefox-AZpR68/firefox-113.0.2+build1/dom/ipc/jsactor/JSWindowActorChild.cpp:57
[Child 15090, Main Thread] WARNING: JSWindowActorChild::SendRawMessage (Conduits, ConduitClosed) not sent: !CanSend() || !mManager || !mManager->CanSend(): file /build/firefox-AZpR68/firefox-113.0.2+build1/dom/ipc/jsactor/JSWindowActorChild.cpp:57
[Child 15090, Main Thread] WARNING: JSWindowActorChild::SendRawMessage (Conduits, ConduitClosed) not sent: !CanSend() || !mManager || !mManager->CanSend(): file /build/firefox-AZpR68/firefox-113.0.2+build1/dom/ipc/jsactor/JSWindowActorChild.cpp:57
[Child 15090, Main Thread] WARNING: JSWindowActorChild::SendRawMessage (Conduits, ConduitClosed) not sent: !CanSend() || !mManager || !mManager->CanSend(): file /build/firefox-AZpR68/firefox-113.0.2+build1/dom/ipc/jsactor/JSWindowActorChild.cpp:57
[Child 15090, Main Thread] WARNING: JSWindowActorChild::SendRawMessage (Conduits, ConduitClosed) not sent: !CanSend() || !mManager || !mManager->CanSend(): file /build/firefox-AZpR68/firefox-113.0.2+build1/dom/ipc/jsactor/JSWindowActorChild.cpp:57
1690110771170	Marionette	INFO	Stopped listening on port 35023
JavaScript error: chrome://remote/content/marionette/cert.sys.mjs, line 51: NS_ERROR_NOT_AVAILABLE: Component returned failure code: 0x80040111 (NS_ERROR_NOT_AVAILABLE) [nsICertOverrideService.setDisableAllSecurityChecksAndLetAttackersInterceptMyData]
1690110791216	geckodriver	INFO	Listening on 127.0.0.1:59911
1690110792227	mozrunner::runner	INFO	Running command: "/usr/bin/firefox" "--marionette" "-no-remote" "-profile" "/tmp/rust_mozprofileTtqdsj"
console.warn: services.settings: Ignoring preference override of remote settings server
console.warn: services.settings: Allow by setting MOZ_REMOTE_SETTINGS_DEVTOOLS=1 in the environment
1690110792567	Marionette	INFO	Marionette enabled
1690110792569	Marionette	INFO	Listening on port 38589
Read port: 38589
1690110792656	RemoteAgent	WARN	TLS certificate errors will be ignored for this session
console.error: ({})
[ERROR glean_core] Error setting metrics feature config: Json(Error("EOF while parsing a value", line: 1, column: 0))
console.warn: LoginRecipes: "Falling back to a synchronous message for: http://localhost:8080."
console.warn: LoginRecipes: "Falling back to a synchronous message for: http://localhost:8080."
1690110819600	geckodriver	INFO	Listening on 127.0.0.1:49697
1690110820611	mozrunner::runner	INFO	Running command: "/usr/bin/firefox" "--marionette" "-no-remote" "-profile" "/tmp/rust_mozprofileJDhXX6"
console.warn: services.settings: Ignoring preference override of remote settings server
console.warn: services.settings: Allow by setting MOZ_REMOTE_SETTINGS_DEVTOOLS=1 in the environment
1690110820918	Marionette	INFO	Marionette enabled
1690110820921	Marionette	INFO	Listening on port 46583
Read port: 46583
1690110821105	RemoteAgent	WARN	TLS certificate errors will be ignored for this session
console.error: ({})
[ERROR glean_core] Error setting metrics feature config: Json(Error("EOF while parsing a value", line: 1, column: 0))
console.error: "update.locale" " file doesn't exist in either the application or GRE directories"
console.warn: LoginRecipes: "Falling back to a synchronous message for: http://localhost:8080."
console.warn: LoginRecipes: "Falling back to a synchronous message for: http://localhost:8080."
console.warn: LoginRecipes: "Falling back to a synchronous message for: http://localhost:8080."
console.error: "update.locale" " file doesn't exist in either the application or GRE directories"
[Child 16612, Main Thread] WARNING: JSWindowActorChild::SendRawMessage (Conduits, ConduitClosed) not sent: !CanSend() || !mManager || !mManager->CanSend(): file /build/firefox-AZpR68/firefox-113.0.2+build1/dom/ipc/jsactor/JSWindowActorChild.cpp:57
[Child 16612, Main Thread] WARNING: JSWindowActorChild::SendRawMessage (Conduits, ConduitClosed) not sent: !CanSend() || !mManager || !mManager->CanSend(): file /build/firefox-AZpR68/firefox-113.0.2+build1/dom/ipc/jsactor/JSWindowActorChild.cpp:57
[Child 16612, Main Thread] WARNING: JSWindowActorChild::SendRawMessage (Conduits, ConduitClosed) not sent: !CanSend() || !mManager || !mManager->CanSend(): file /build/firefox-AZpR68/firefox-113.0.2+build1/dom/ipc/jsactor/JSWindowActorChild.cpp:57
[Child 16612, Main Thread] WARNING: JSWindowActorChild::SendRawMessage (Conduits, ConduitClosed) not sent: !CanSend() || !mManager || !mManager->CanSend(): file /build/firefox-AZpR68/firefox-113.0.2+build1/dom/ipc/jsactor/JSWindowActorChild.cpp:57
[Child 16612, Main Thread] WARNING: JSWindowActorChild::SendRawMessage (Conduits, ConduitClosed) not sent: !CanSend() || !mManager || !mManager->CanSend(): file /build/firefox-AZpR68/firefox-113.0.2+build1/dom/ipc/jsactor/JSWindowActorChild.cpp:57
[Child 16612, Main Thread] WARNING: JSWindowActorChild::SendRawMessage (Conduits, ConduitClosed) not sent: !CanSend() || !mManager || !mManager->CanSend(): file /build/firefox-AZpR68/firefox-113.0.2+build1/dom/ipc/jsactor/JSWindowActorChild.cpp:57
[Child 16612, Main Thread] WARNING: JSWindowActorChild::SendRawMessage (Conduits, ConduitClosed) not sent: !CanSend() || !mManager || !mManager->CanSend(): file /build/firefox-AZpR68/firefox-113.0.2+build1/dom/ipc/jsactor/JSWindowActorChild.cpp:57
[Child 16612, Main Thread] WARNING: JSWindowActorChild::SendRawMessage (Conduits, ConduitClosed) not sent: !CanSend() || !mManager || !mManager->CanSend(): file /build/firefox-AZpR68/firefox-113.0.2+build1/dom/ipc/jsactor/JSWindowActorChild.cpp:57
[Child 16612, Main Thread] WARNING: JSWindowActorChild::SendRawMessage (Conduits, ConduitClosed) not sent: !CanSend() || !mManager || !mManager->CanSend(): file /build/firefox-AZpR68/firefox-113.0.2+build1/dom/ipc/jsactor/JSWindowActorChild.cpp:57
1690110922330	Marionette	INFO	Stopped listening on port 46583
JavaScript error: chrome://remote/content/marionette/cert.sys.mjs, line 51: NS_ERROR_NOT_AVAILABLE: Component returned failure code: 0x80040111 (NS_ERROR_NOT_AVAILABLE) [nsICertOverrideService.setDisableAllSecurityChecksAndLetAttackersInterceptMyData]
1690110932756	geckodriver	INFO	Listening on 127.0.0.1:40623
1690110933761	mozrunner::runner	INFO	Running command: "/usr/bin/firefox" "--marionette" "-no-remote" "-profile" "/tmp/rust_mozprofile9EVPK3"
console.warn: services.settings: Ignoring preference override of remote settings server
console.warn: services.settings: Allow by setting MOZ_REMOTE_SETTINGS_DEVTOOLS=1 in the environment
1690110934111	Marionette	INFO	Marionette enabled
1690110934114	Marionette	INFO	Listening on port 36517
Read port: 36517
1690110934217	RemoteAgent	WARN	TLS certificate errors will be ignored for this session
console.error: ({})
[ERROR glean_core] Error setting metrics feature config: Json(Error("EOF while parsing a value", line: 1, column: 0))
console.warn: LoginRecipes: "Falling back to a synchronous message for: http://localhost:8080."
console.warn: LoginRecipes: "Falling back to a synchronous message for: http://localhost:8080."
console.warn: LoginRecipes: "Falling back to a synchronous message for: http://localhost:8080."
console.error: "update.locale" " file doesn't exist in either the application or GRE directories"
[Child 17714, Main Thread] WARNING: JSWindowActorChild::SendRawMessage (Conduits, ConduitClosed) not sent: !CanSend() || !mManager || !mManager->CanSend(): file /build/firefox-AZpR68/firefox-113.0.2+build1/dom/ipc/jsactor/JSWindowActorChild.cpp:57
[Child 17714, Main Thread] WARNING: JSWindowActorChild::SendRawMessage (Conduits, ConduitClosed) not sent: !CanSend() || !mManager || !mManager->CanSend(): file /build/firefox-AZpR68/firefox-113.0.2+build1/dom/ipc/jsactor/JSWindowActorChild.cpp:57
[Child 17714, Main Thread] WARNING: JSWindowActorChild::SendRawMessage (Conduits, ConduitClosed) not sent: !CanSend() || !mManager || !mManager->CanSend(): file /build/firefox-AZpR68/firefox-113.0.2+build1/dom/ipc/jsactor/JSWindowActorChild.cpp:57
[Child 17714, Main Thread] WARNING: JSWindowActorChild::SendRawMessage (Conduits, ConduitClosed) not sent: !CanSend() || !mManager || !mManager->CanSend(): file /build/firefox-AZpR68/firefox-113.0.2+build1/dom/ipc/jsactor/JSWindowActorChild.cpp:57
[Child 17714, Main Thread] WARNING: JSWindowActorChild::SendRawMessage (Conduits, ConduitClosed) not sent: !CanSend() || !mManager || !mManager->CanSend(): file /build/firefox-AZpR68/firefox-113.0.2+build1/dom/ipc/jsactor/JSWindowActorChild.cpp:57
[Child 17714, Main Thread] WARNING: JSWindowActorChild::SendRawMessage (Conduits, ConduitClosed) not sent: !CanSend() || !mManager || !mManager->CanSend(): file /build/firefox-AZpR68/firefox-113.0.2+build1/dom/ipc/jsactor/JSWindowActorChild.cpp:57
[Child 17714, Main Thread] WARNING: JSWindowActorChild::SendRawMessage (Conduits, ConduitClosed) not sent: !CanSend() || !mManager || !mManager->CanSend(): file /build/firefox-AZpR68/firefox-113.0.2+build1/dom/ipc/jsactor/JSWindowActorChild.cpp:57
[Child 17714, Main Thread] WARNING: JSWindowActorChild::SendRawMessage (Conduits, ConduitClosed) not sent: !CanSend() || !mManager || !mManager->CanSend(): file /build/firefox-AZpR68/firefox-113.0.2+build1/dom/ipc/jsactor/JSWindowActorChild.cpp:57
[Child 17714, Main Thread] WARNING: JSWindowActorChild::SendRawMessage (Conduits, ConduitClosed) not sent: !CanSend() || !mManager || !mManager->CanSend(): file /build/firefox-AZpR68/firefox-113.0.2+build1/dom/ipc/jsactor/JSWindowActorChild.cpp:57
1690111006409	Marionette	INFO	Stopped listening on port 36517
JavaScript error: chrome://remote/content/marionette/cert.sys.mjs, line 51: NS_ERROR_NOT_AVAILABLE: Component returned failure code: 0x80040111 (NS_ERROR_NOT_AVAILABLE) [nsICertOverrideService.setDisableAllSecurityChecksAndLetAttackersInterceptMyData]
1690111017043	geckodriver	INFO	Listening on 127.0.0.1:34235
1690111018055	mozrunner::runner	INFO	Running command: "/usr/bin/firefox" "--marionette" "-no-remote" "-profile" "/tmp/rust_mozprofilemTv2gg"
console.warn: services.settings: Ignoring preference override of remote settings server
console.warn: services.settings: Allow by setting MOZ_REMOTE_SETTINGS_DEVTOOLS=1 in the environment
1690111018426	Marionette	INFO	Marionette enabled
1690111018429	Marionette	INFO	Listening on port 40625
Read port: 40625
1690111018521	RemoteAgent	WARN	TLS certificate errors will be ignored for this session
console.error: ({})
[ERROR glean_core] Error setting metrics feature config: Json(Error("EOF while parsing a value", line: 1, column: 0))
console.warn: LoginRecipes: "Falling back to a synchronous message for: http://localhost:8080."
console.warn: LoginRecipes: "Falling back to a synchronous message for: http://localhost:8080."
console.warn: LoginRecipes: "Falling back to a synchronous message for: http://localhost:8080."
console.error: "update.locale" " file doesn't exist in either the application or GRE directories"
[Child 18648, Main Thread] WARNING: JSWindowActorChild::SendRawMessage (Conduits, ConduitClosed) not sent: !CanSend() || !mManager || !mManager->CanSend(): file /build/firefox-AZpR68/firefox-113.0.2+build1/dom/ipc/jsactor/JSWindowActorChild.cpp:57
[Child 18648, Main Thread] WARNING: JSWindowActorChild::SendRawMessage (Conduits, ConduitClosed) not sent: !CanSend() || !mManager || !mManager->CanSend(): file /build/firefox-AZpR68/firefox-113.0.2+build1/dom/ipc/jsactor/JSWindowActorChild.cpp:57
[Child 18648, Main Thread] WARNING: JSWindowActorChild::SendRawMessage (Conduits, ConduitClosed) not sent: !CanSend() || !mManager || !mManager->CanSend(): file /build/firefox-AZpR68/firefox-113.0.2+build1/dom/ipc/jsactor/JSWindowActorChild.cpp:57
[Child 18648, Main Thread] WARNING: JSWindowActorChild::SendRawMessage (Conduits, ConduitClosed) not sent: !CanSend() || !mManager || !mManager->CanSend(): file /build/firefox-AZpR68/firefox-113.0.2+build1/dom/ipc/jsactor/JSWindowActorChild.cpp:57
[Child 18648, Main Thread] WARNING: JSWindowActorChild::SendRawMessage (Conduits, ConduitClosed) not sent: !CanSend() || !mManager || !mManager->CanSend(): file /build/firefox-AZpR68/firefox-113.0.2+build1/dom/ipc/jsactor/JSWindowActorChild.cpp:57
[Child 18648, Main Thread] WARNING: JSWindowActorChild::SendRawMessage (Conduits, ConduitClosed) not sent: !CanSend() || !mManager || !mManager->CanSend(): file /build/firefox-AZpR68/firefox-113.0.2+build1/dom/ipc/jsactor/JSWindowActorChild.cpp:57
[Child 18648, Main Thread] WARNING: JSWindowActorChild::SendRawMessage (Conduits, ConduitClosed) not sent: !CanSend() || !mManager || !mManager->CanSend(): file /build/firefox-AZpR68/firefox-113.0.2+build1/dom/ipc/jsactor/JSWindowActorChild.cpp:57
[Child 18648, Main Thread] WARNING: JSWindowActorChild::SendRawMessage (Conduits, ConduitClosed) not sent: !CanSend() || !mManager || !mManager->CanSend(): file /build/firefox-AZpR68/firefox-113.0.2+build1/dom/ipc/jsactor/JSWindowActorChild.cpp:57
[Child 18648, Main Thread] WARNING: JSWindowActorChild::SendRawMessage (Conduits, ConduitClosed) not sent: !CanSend() || !mManager || !mManager->CanSend(): file /build/firefox-AZpR68/firefox-113.0.2+build1/dom/ipc/jsactor/JSWindowActorChild.cpp:57
1690111067903	Marionette	INFO	Stopped listening on port 40625
JavaScript error: chrome://remote/content/marionette/cert.sys.mjs, line 51: NS_ERROR_NOT_AVAILABLE: Component returned failure code: 0x80040111 (NS_ERROR_NOT_AVAILABLE) [nsICertOverrideService.setDisableAllSecurityChecksAndLetAttackersInterceptMyData]
WARNING: A blocker encountered an error while we were waiting.
          Blocker:  Waiting for ping task
          Phase: TelemetryController: Waiting for pending ping activity
          State: (none)
WARNING: Error: Phase "profile-before-change" is finished, it is too late to register completion condition "OS.File: flush I/O queued before profileBeforeChange"
WARNING: addBlocker@resource://gre/modules/AsyncShutdown.sys.mjs:727:15
addBlocker@resource://gre/modules/AsyncShutdown.sys.mjs:523:26
addBlocker@resource://gre/modules/AsyncShutdown.sys.mjs:458:15
setupShutdown@resource://gre/modules/osfile/osfile_async_front.jsm:1548:28
@resource://gre/modules/osfile/osfile_async_front.jsm:1568:16
@resource://gre/modules/osfile.jsm:12:30
@resource://gre/modules/TelemetryStorage.sys.mjs:10:28
_checkPendingPings@resource://gre/modules/TelemetrySend.sys.mjs:859:17
setup@resource://gre/modules/TelemetrySend.sys.mjs:799:18
setup@resource://gre/modules/TelemetrySend.sys.mjs:237:30
setupTelemetry/this._delayedInitTask<@resource://gre/modules/TelemetryControllerParent.sys.mjs:824:36
observe@resource://gre/modules/AsyncShutdown.sys.mjs:576:16

console.error: "TelemetryScheduler.shutdown - Already shut down"
WARNING: A blocker encountered an error while we were waiting.
          Blocker:  Waiting for ping task
          Phase: TelemetryController: Waiting for pending ping activity
          State: (none)
WARNING: Error: Phase "profile-before-change" is finished, it is too late to register completion condition "OS.File: flush I/O queued before profileBeforeChange"
WARNING: addBlocker@resource://gre/modules/AsyncShutdown.sys.mjs:727:15
addBlocker@resource://gre/modules/AsyncShutdown.sys.mjs:523:26
addBlocker@resource://gre/modules/AsyncShutdown.sys.mjs:458:15
setupShutdown@resource://gre/modules/osfile/osfile_async_front.jsm:1548:28
@resource://gre/modules/osfile/osfile_async_front.jsm:1568:16
@resource://gre/modules/osfile.jsm:12:30
@resource://gre/modules/TelemetryStorage.sys.mjs:10:28
_checkPendingPings@resource://gre/modules/TelemetrySend.sys.mjs:859:17
setup@resource://gre/modules/TelemetrySend.sys.mjs:799:18
setup@resource://gre/modules/TelemetrySend.sys.mjs:237:30
setupTelemetry/this._delayedInitTask<@resource://gre/modules/TelemetryControllerParent.sys.mjs:824:36
observe@resource://gre/modules/AsyncShutdown.sys.mjs:576:16

WARNING: A blocker encountered an error while we were waiting.
          Blocker:  Waiting for ping task
          Phase: TelemetryController: Waiting for pending ping activity
          State: (none)
WARNING: Error: Phase "profile-before-change" is finished, it is too late to register completion condition "OS.File: flush I/O queued before profileBeforeChange"
WARNING: addBlocker@resource://gre/modules/AsyncShutdown.sys.mjs:727:15
addBlocker@resource://gre/modules/AsyncShutdown.sys.mjs:523:26
addBlocker@resource://gre/modules/AsyncShutdown.sys.mjs:458:15
setupShutdown@resource://gre/modules/osfile/osfile_async_front.jsm:1548:28
@resource://gre/modules/osfile/osfile_async_front.jsm:1568:16
@resource://gre/modules/osfile.jsm:12:30
@resource://gre/modules/TelemetryStorage.sys.mjs:10:28
_checkPendingPings@resource://gre/modules/TelemetrySend.sys.mjs:859:17
setup@resource://gre/modules/TelemetrySend.sys.mjs:799:18
setup@resource://gre/modules/TelemetrySend.sys.mjs:237:30
setupTelemetry/this._delayedInitTask<@resource://gre/modules/TelemetryControllerParent.sys.mjs:824:36
observe@resource://gre/modules/AsyncShutdown.sys.mjs:576:16

WARNING: A blocker encountered an error while we were waiting.
          Blocker:  TelemetryController: shutting down
          Phase: profile-before-change-telemetry
          State: Error getting state: Error: Phase "profile-before-change" is finished, it is too late to register completion condition "OS.File: flush I/O queued before profileBeforeChange" at addBlocker@resource://gre/modules/AsyncShutdown.sys.mjs:727:15
addBlocker@resource://gre/modules/AsyncShutdown.sys.mjs:523:26
addBlocker@resource://gre/modules/AsyncShutdown.sys.mjs:458:15
setupShutdown@resource://gre/modules/osfile/osfile_async_front.jsm:1548:28
@resource://gre/modules/osfile/osfile_async_front.jsm:1568:16
@resource://gre/modules/osfile.jsm:12:30
@resource://gre/modules/TelemetryStorage.sys.mjs:10:28
_checkPendingPings@resource://gre/modules/TelemetrySend.sys.mjs:859:17
setup@resource://gre/modules/TelemetrySend.sys.mjs:799:18
setup@resource://gre/modules/TelemetrySend.sys.mjs:237:30
setupTelemetry/this._delayedInitTask<@resource://gre/modules/TelemetryControllerParent.sys.mjs:824:36
observe@resource://gre/modules/AsyncShutdown.sys.mjs:576:16

WARNING: Error: Phase "profile-before-change" is finished, it is too late to register completion condition "OS.File: flush I/O queued before profileBeforeChange"
WARNING: addBlocker@resource://gre/modules/AsyncShutdown.sys.mjs:727:15
addBlocker@resource://gre/modules/AsyncShutdown.sys.mjs:523:26
addBlocker@resource://gre/modules/AsyncShutdown.sys.mjs:458:15
setupShutdown@resource://gre/modules/osfile/osfile_async_front.jsm:1548:28
@resource://gre/modules/osfile/osfile_async_front.jsm:1568:16
@resource://gre/modules/osfile.jsm:12:30
@resource://gre/modules/TelemetryStorage.sys.mjs:10:28
_checkPendingPings@resource://gre/modules/TelemetrySend.sys.mjs:859:17
setup@resource://gre/modules/TelemetrySend.sys.mjs:799:18
setup@resource://gre/modules/TelemetrySend.sys.mjs:237:30
setupTelemetry/this._delayedInitTask<@resource://gre/modules/TelemetryControllerParent.sys.mjs:824:36
observe@resource://gre/modules/AsyncShutdown.sys.mjs:576:16

JavaScript error: resource://gre/modules/AsyncShutdown.sys.mjs, line 727: Error: Phase "profile-before-change" is finished, it is too late to register completion condition "OS.File: flush I/O queued before profileBeforeChange"
JavaScript error: resource://gre/modules/AsyncShutdown.sys.mjs, line 727: Error: Phase "profile-before-change" is finished, it is too late to register completion condition "OS.File: flush I/O queued before profileBeforeChange"
JavaScript error: resource://gre/modules/AsyncShutdown.sys.mjs, line 727: Error: Phase "profile-before-change" is finished, it is too late to register completion condition "OS.File: flush I/O queued before profileBeforeChange"
JavaScript error: resource://gre/modules/AsyncShutdown.sys.mjs, line 727: Error: Phase "profile-before-change" is finished, it is too late to register completion condition "OS.File: flush I/O queued before profileBeforeChange"
JavaScript error: resource://gre/modules/AsyncShutdown.sys.mjs, line 727: Error: Phase "profile-before-change" is finished, it is too late to register completion condition "OS.File: flush I/O queued before profileBeforeChange"
JavaScript error: resource://gre/modules/AsyncShutdown.sys.mjs, line 727: Error: Phase "profile-before-change" is finished, it is too late to register completion condition "OS.File: flush I/O queued before profileBeforeChange"
1690111070408	geckodriver	INFO	Listening on 127.0.0.1:36693
1690111071416	mozrunner::runner	INFO	Running command: "/usr/bin/firefox" "--marionette" "-no-remote" "-profile" "/tmp/rust_mozprofileArd6IH"
console.warn: services.settings: Ignoring preference override of remote settings server
console.warn: services.settings: Allow by setting MOZ_REMOTE_SETTINGS_DEVTOOLS=1 in the environment
1690111071774	Marionette	INFO	Marionette enabled
1690111071777	Marionette	INFO	Listening on port 38677
Read port: 38677
1690111071859	RemoteAgent	WARN	TLS certificate errors will be ignored for this session
console.error: ({})
[ERROR glean_core] Error setting metrics feature config: Json(Error("EOF while parsing a value", line: 1, column: 0))
console.warn: LoginRecipes: "Falling back to a synchronous message for: http://localhost:8080."
console.warn: LoginRecipes: "Falling back to a synchronous message for: http://localhost:8080."
console.warn: LoginRecipes: "Falling back to a synchronous message for: http://localhost:8080."
console.error: "update.locale" " file doesn't exist in either the application or GRE directories"
[Child 19489, Main Thread] WARNING: JSWindowActorChild::SendRawMessage (Conduits, ConduitClosed) not sent: !CanSend() || !mManager || !mManager->CanSend(): file /build/firefox-AZpR68/firefox-113.0.2+build1/dom/ipc/jsactor/JSWindowActorChild.cpp:57
[Child 19489, Main Thread] WARNING: JSWindowActorChild::SendRawMessage (Conduits, ConduitClosed) not sent: !CanSend() || !mManager || !mManager->CanSend(): file /build/firefox-AZpR68/firefox-113.0.2+build1/dom/ipc/jsactor/JSWindowActorChild.cpp:57
[Child 19489, Main Thread] WARNING: JSWindowActorChild::SendRawMessage (Conduits, ConduitClosed) not sent: !CanSend() || !mManager || !mManager->CanSend(): file /build/firefox-AZpR68/firefox-113.0.2+build1/dom/ipc/jsactor/JSWindowActorChild.cpp:57
[Child 19489, Main Thread] WARNING: JSWindowActorChild::SendRawMessage (Conduits, ConduitClosed) not sent: !CanSend() || !mManager || !mManager->CanSend(): file /build/firefox-AZpR68/firefox-113.0.2+build1/dom/ipc/jsactor/JSWindowActorChild.cpp:57
[Child 19489, Main Thread] WARNING: JSWindowActorChild::SendRawMessage (Conduits, ConduitClosed) not sent: !CanSend() || !mManager || !mManager->CanSend(): file /build/firefox-AZpR68/firefox-113.0.2+build1/dom/ipc/jsactor/JSWindowActorChild.cpp:57
[Child 19489, Main Thread] WARNING: JSWindowActorChild::SendRawMessage (Conduits, ConduitClosed) not sent: !CanSend() || !mManager || !mManager->CanSend(): file /build/firefox-AZpR68/firefox-113.0.2+build1/dom/ipc/jsactor/JSWindowActorChild.cpp:57
[Child 19489, Main Thread] WARNING: JSWindowActorChild::SendRawMessage (Conduits, ConduitClosed) not sent: !CanSend() || !mManager || !mManager->CanSend(): file /build/firefox-AZpR68/firefox-113.0.2+build1/dom/ipc/jsactor/JSWindowActorChild.cpp:57
[Child 19489, Main Thread] WARNING: JSWindowActorChild::SendRawMessage (Conduits, ConduitClosed) not sent: !CanSend() || !mManager || !mManager->CanSend(): file /build/firefox-AZpR68/firefox-113.0.2+build1/dom/ipc/jsactor/JSWindowActorChild.cpp:57
[Child 19489, Main Thread] WARNING: JSWindowActorChild::SendRawMessage (Conduits, ConduitClosed) not sent: !CanSend() || !mManager || !mManager->CanSend(): file /build/firefox-AZpR68/firefox-113.0.2+build1/dom/ipc/jsactor/JSWindowActorChild.cpp:57
1690111173140	Marionette	INFO	Stopped listening on port 38677
JavaScript error: chrome://remote/content/marionette/cert.sys.mjs, line 51: NS_ERROR_NOT_AVAILABLE: Component returned failure code: 0x80040111 (NS_ERROR_NOT_AVAILABLE) [nsICertOverrideService.setDisableAllSecurityChecksAndLetAttackersInterceptMyData]
[Child 16243, Main Thread] WARNING: JSWindowActorChild::SendRawMessage (Conduits, ConduitClosed) not sent: !CanSend() || !mManager || !mManager->CanSend(): file /build/firefox-AZpR68/firefox-113.0.2+build1/dom/ipc/jsactor/JSWindowActorChild.cpp:57
[Child 16243, Main Thread] WARNING: JSWindowActorChild::SendRawMessage (Conduits, ConduitClosed) not sent: !CanSend() || !mManager || !mManager->CanSend(): file /build/firefox-AZpR68/firefox-113.0.2+build1/dom/ipc/jsactor/JSWindowActorChild.cpp:57
[Child 16243, Main Thread] WARNING: JSWindowActorChild::SendRawMessage (Conduits, ConduitClosed) not sent: !CanSend() || !mManager || !mManager->CanSend(): file /build/firefox-AZpR68/firefox-113.0.2+build1/dom/ipc/jsactor/JSWindowActorChild.cpp:57
[Child 16243, Main Thread] WARNING: JSWindowActorChild::SendRawMessage (Conduits, ConduitClosed) not sent: !CanSend() || !mManager || !mManager->CanSend(): file /build/firefox-AZpR68/firefox-113.0.2+build1/dom/ipc/jsactor/JSWindowActorChild.cpp:57
[Child 16243, Main Thread] WARNING: JSWindowActorChild::SendRawMessage (Conduits, ConduitClosed) not sent: !CanSend() || !mManager || !mManager->CanSend(): file /build/firefox-AZpR68/firefox-113.0.2+build1/dom/ipc/jsactor/JSWindowActorChild.cpp:57
[Child 16243, Main Thread] WARNING: JSWindowActorChild::SendRawMessage (Conduits, ConduitClosed) not sent: !CanSend() || !mManager || !mManager->CanSend(): file /build/firefox-AZpR68/firefox-113.0.2+build1/dom/ipc/jsactor/JSWindowActorChild.cpp:57
[Child 16243, Main Thread] WARNING: JSWindowActorChild::SendRawMessage (Conduits, ConduitClosed) not sent: !CanSend() || !mManager || !mManager->CanSend(): file /build/firefox-AZpR68/firefox-113.0.2+build1/dom/ipc/jsactor/JSWindowActorChild.cpp:57
[Child 16243, Main Thread] WARNING: JSWindowActorChild::SendRawMessage (Conduits, ConduitClosed) not sent: !CanSend() || !mManager || !mManager->CanSend(): file /build/firefox-AZpR68/firefox-113.0.2+build1/dom/ipc/jsactor/JSWindowActorChild.cpp:57
[Child 16243, Main Thread] WARNING: JSWindowActorChild::SendRawMessage (Conduits, ConduitClosed) not sent: !CanSend() || !mManager || !mManager->CanSend(): file /build/firefox-AZpR68/firefox-113.0.2+build1/dom/ipc/jsactor/JSWindowActorChild.cpp:57
1690111202977	Marionette	INFO	Stopped listening on port 38589
JavaScript error: chrome://remote/content/marionette/cert.sys.mjs, line 51: NS_ERROR_NOT_AVAILABLE: Component returned failure code: 0x80040111 (NS_ERROR_NOT_AVAILABLE) [nsICertOverrideService.setDisableAllSecurityChecksAndLetAttackersInterceptMyData]
